,,,,,,Playing Time,Playing Time,Playing Time,Playing Time,Performance,Performance,Performance,Performance,Performance,Performance,Performance,Per 90 Minutes,Per 90 Minutes,Per 90 Minutes,Per 90 Minutes,Per 90 Minutes,
Rk,Player,Pos,Squad,Age,Born,MP,Starts,Min,90s,Gls,Ast,G-PK,PK,PKatt,CrdY,CrdR,Gls,Ast,G+A,G-PK,G+A-PK,Matches
1,Ignazio Abate\1c529186,DFMF,it Italy,27,1986,1,1,90,1.0,0,0,0,0,0,0,0,0.00,0.00,0.00,0.00,0.00,Matches
2,Vincent Aboubakar\8637e09a,FW,cm Cameroon,22,1992,2,2,140,1.6,0,0,0,0,0,0,0,0.00,0.00,0.00,0.00,0.00,Matches
3,Gabriel Achilier\bf7d1725,DF,ec Ecuador,29,1985,2,0,10,0.1,0,0,0,0,0,0,0,0.00,0.00,0.00,0.00,0.00,Matches
4,Johnny Acosta\6aaf0284,DF,cr Costa Rica,30,1983,2,1,164,1.8,0,0,0,0,0,1,0,0.00,0.00,0.00,0.00,0.00,Matches
5,Afriyie Acquah\d7403bd5,MF,gh Ghana,22,1992,1,0,15,0.2,0,0,0,0,0,0,0,0.00,0.00,0.00,0.00,0.00,Matches
6,Albert Adomah\c7174e81,FWMF,gh Ghana,26,1987,1,0,13,0.1,0,0,0,0,0,0,0,0.00,0.00,0.00,0.00,0.00,Matches
7,Harrison Afful\7d8ede09,DFMF,gh Ghana,27,1986,2,2,180,2.0,0,1,0,0,0,1,0,0.00,0.50,0.50,0.00,0.50,Matches
8,Sergio Agüero\4d034881,FW,ar Argentina,26,1988,5,3,313,3.5,0,0,0,0,0,1,0,0.00,0.00,0.00,0.00,0.00,Matches
9,Abel Aguilar\6936b41b,MF,co Colombia,29,1985,3,3,236,2.6,0,2,0,0,0,0,0,0.00,0.76,0.76,0.00,0.76,Matches
10,Paul Aguilar\c931cdfe,DF,mx Mexico,28,1986,4,4,360,4.0,0,0,0,0,0,2,0,0.00,0.00,0.00,0.00,0.00,Matches
11,Emmanuel Agyemang-Badu\fe0b8f0e,MF,gh Ghana,23,1990,2,1,103,1.1,0,0,0,0,0,0,0,0.00,0.00,0.00,0.00,0.00,Matches
12,Igor Akinfeev\42ec696a,GK,ru Russia,28,1986,3,3,270,3.0,0,0,0,0,0,0,0,0.00,0.00,0.00,0.00,0.00,Matches
13,Jordi Alba\4601e194,DFMF,es Spain,25,1989,3,3,270,3.0,0,0,0,0,0,0,0,0.00,0.00,0.00,0.00,0.00,Matches
14,Raúl Albiol\4bd414c1,DF,es Spain,28,1985,1,1,90,1.0,0,0,0,0,0,0,0,0.00,0.00,0.00,0.00,0.00,Matches
15,Toby Alderweireld\f7d50789,DF,be Belgium,25,1989,4,4,390,4.3,0,0,0,0,0,2,0,0.00,0.00,0.00,0.00,0.00,Matches
16,André Almeida\67b3d74b,DFMF,pt Portugal,23,1990,2,1,71,0.8,0,0,0,0,0,0,0,0.00,0.00,0.00,0.00,0.00,Matches
17,Hugo Almeida\740acaf8,FW,pt Portugal,30,1984,1,1,27,0.3,0,0,0,0,0,0,0,0.00,0.00,0.00,0.00,0.00,Matches
18,Xabi Alonso\dc001a06,MF,es Spain,32,1981,3,3,189,2.1,1,0,0,1,1,1,0,0.48,0.00,0.48,0.00,0.00,Matches
19,Jozy Altidore\8db8ad1e,FW,us United States,24,1989,1,1,22,0.2,0,0,0,0,0,0,0,0.00,0.00,0.00,0.00,0.00,Matches
20,Éder Álvarez Balanta\8ce30c57,DFMF,co Colombia,21,1993,1,1,90,1.0,0,0,0,0,0,0,0,0.00,0.00,0.00,0.00,0.00,Matches
21,Ricky Álvarez\92a5ac34,MF,ar Argentina,26,1988,1,0,28,0.3,0,0,0,0,0,0,0,0.00,0.00,0.00,0.00,0.00,Matches
22,Bruno Alves\585a73a8,DF,pt Portugal,32,1981,3,3,270,3.0,0,0,0,0,0,0,0,0.00,0.00,0.00,0.00,0.00,Matches
23,Dani Alves\c9e99e49,DFMF,br Brazil,31,1983,4,4,390,4.3,0,0,0,0,0,1,0,0.00,0.00,0.00,0.00,0.00,Matches
24,Efe Ambrose\31e86a0f,DF,ng Nigeria,25,1988,4,4,360,4.0,0,0,0,0,0,0,0,0.00,0.00,0.00,0.00,0.00,Matches
25,Shola Ameobi\e79a368b,FW,ng Nigeria,32,1981,2,0,65,0.7,0,0,0,0,0,0,0,0.00,0.00,0.00,0.00,0.00,Matches
26,Rúben Amorim\a9dfa7ad,MF,pt Portugal,29,1985,1,1,90,1.0,0,0,0,0,0,0,0,0.00,0.00,0.00,0.00,0.00,Matches
27,Aleksei Anatolyevich Kozlov\4791344b,DF,ru Russia,27,1986,2,2,151,1.7,0,0,0,0,0,1,0,0.00,0.00,0.00,0.00,0.00,Matches
28,Karim Ansarifard\50cddd19,FW,ir Iran,24,1990,1,0,23,0.3,0,0,0,0,0,1,0,0.00,0.00,0.00,0.00,0.00,Matches
29,Toshihiro Aoyama\c1b2b6e0,MF,jp Japan,28,1986,1,1,61,0.7,0,0,0,0,0,0,0,0.00,0.00,0.00,0.00,0.00,Matches
30,Javier Aquino\215104cc,MF,mx Mexico,24,1990,1,0,30,0.3,0,0,0,0,0,0,0,0.00,0.00,0.00,0.00,0.00,Matches
31,Charles Aránguiz\56413b1f,MF,cl Chile,25,1989,4,4,363,4.0,1,1,1,0,0,1,0,0.25,0.25,0.50,0.25,0.50,Matches
32,Egidio Arévalo\eb65c8f9,MF,uy Uruguay,32,1982,4,4,360,4.0,0,0,0,0,0,1,0,0.00,0.00,0.00,0.00,0.00,Matches
33,Santiago Arias\fdd60087,DF,co Colombia,22,1992,3,1,126,1.4,0,0,0,0,0,0,0,0.00,0.00,0.00,0.00,0.00,Matches
34,Pablo Armero\afabf74e,DFMF,co Colombia,27,1986,5,5,414,4.6,1,0,1,0,0,1,0,0.22,0.00,0.22,0.22,0.22,Matches
35,Michael Arroyo\a5f43c3f,FWMF,ec Ecuador,27,1987,2,1,102,1.1,0,0,0,0,0,0,0,0.00,0.00,0.00,0.00,0.00,Matches
36,Kwadwo Asamoah\089550f5,DFMF,gh Ghana,25,1988,3,3,270,3.0,0,1,0,0,0,0,0,0.00,0.33,0.33,0.00,0.33,Matches
37,Benoît Assou-Ekotto\a557e6b0,DF,cm Cameroon,30,1984,2,2,180,2.0,0,0,0,0,0,0,0,0.00,0.00,0.00,0.00,0.00,Matches
38,Christian Atsu\8816329f,FWMF,gh Ghana,22,1992,3,3,238,2.6,0,0,0,0,0,0,0,0.00,0.00,0.00,0.00,0.00,Matches
39,Serge Aurier\5c2b4f07,DFMF,ci Côte d'Ivoire,21,1992,3,3,270,3.0,0,2,0,0,0,0,0,0.00,0.67,0.67,0.00,0.67,Matches
40,André Ayew\5dbefa9d,FWMF,gh Ghana,24,1989,3,3,261,2.9,2,0,2,0,0,0,0,0.69,0.00,0.69,0.69,0.69,Matches
41,Jordan Ayew\da052c14,FWMF,gh Ghana,22,1991,3,1,117,1.3,0,0,0,0,0,1,0,0.00,0.00,0.00,0.00,0.00,Matches
42,Walter Ayoví\7d5241b0,DFMF,ec Ecuador,34,1979,3,3,270,3.0,0,2,0,0,0,0,0,0.00,0.67,0.67,0.00,0.67,Matches
43,Ramon Azeez\0cc474e7,MF,ng Nigeria,21,1992,1,1,68,0.8,0,0,0,0,0,0,0,0.00,0.00,0.00,0.00,0.00,Matches
44,César Azpilicueta\53cad200,DFMF,es Spain,24,1989,2,2,180,2.0,0,0,0,0,0,0,0,0.00,0.00,0.00,0.00,0.00,Matches
45,Michael Babatunde\4e946302,MF,ng Nigeria,21,1992,2,2,139,1.5,0,1,0,0,0,0,0,0.00,0.65,0.65,0.00,0.65,Matches
46,Carlos Bacca\09a9e921,FW,co Colombia,27,1986,1,0,21,0.2,0,0,0,0,0,0,0,0.00,0.00,0.00,0.00,0.00,Matches
47,Leighton Baines\b18095b6,DF,eng England,29,1984,2,2,180,2.0,0,0,0,0,0,0,0,0.00,0.00,0.00,0.00,0.00,Matches
48,Mario Balotelli\8ff07990,FW,it Italy,23,1990,3,3,207,2.3,1,0,1,0,0,2,0,0.43,0.00,0.43,0.43,0.43,Matches
49,Sol Bamba\5534217d,DF,ci Côte d'Ivoire,29,1985,3,3,270,3.0,0,0,0,0,0,1,0,0.00,0.00,0.00,0.00,0.00,Matches
50,Ross Barkley\3a24769f,MF,eng England,20,1993,3,1,147,1.6,0,0,0,0,0,1,0,0.00,0.00,0.00,0.00,0.00,Matches
51,Michael Barrantes\2bbff300,MF,cr Costa Rica,30,1983,2,0,15,0.2,0,0,0,0,0,0,0,0.00,0.00,0.00,0.00,0.00,Matches
52,Boubacar Barry\bfa2435a,GK,ci Côte d'Ivoire,34,1979,3,3,270,3.0,0,0,0,0,0,0,0,0.00,0.00,0.00,0.00,0.00,Matches
53,Andrea Barzagli\7c0000fd,DF,it Italy,33,1981,3,3,270,3.0,0,0,0,0,0,0,0,0.00,0.00,0.00,0.00,0.00,Matches
54,DaMarcus Beasley\e4d6e7d9,DFFW,us United States,32,1982,4,4,390,4.3,0,0,0,0,0,0,0,0.00,0.00,0.00,0.00,0.00,Matches
55,Jean Beausejour\c8404849,DFFW,cl Chile,30,1984,2,0,68,0.8,1,0,1,0,0,0,0,1.32,0.00,1.32,1.32,1.32,Matches
56,Brayan Beckeles\5a19e4b8,DF,hn Honduras,28,1985,3,3,270,3.0,0,0,0,0,0,0,0,0.00,0.00,0.00,0.00,0.00,Matches
57,Kyle Beckerman\3485cb96,MF,us United States,32,1982,3,3,270,3.0,0,0,0,0,0,1,0,0.00,0.00,0.00,0.00,0.00,Matches
58,Henri Bedimo\0d57f1c1,DF,cm Cameroon,30,1984,1,1,90,1.0,0,0,0,0,0,0,0,0.00,0.00,0.00,0.00,0.00,Matches
59,Alejandro Bedoya\9a6f8dfd,FWMF,us United States,27,1987,4,3,283,3.1,0,0,0,0,0,0,0,0.00,0.00,0.00,0.00,0.00,Matches
60,Asmir Begović\7b4de647,GK,ba Bosnia and Herzegovina,26,1987,3,3,270,3.0,0,0,0,0,0,0,0,0.00,0.00,0.00,0.00,0.00,Matches
61,Valon Behrami\d3d758d8,DFMF,ch Switzerland,29,1985,4,4,345,3.8,0,0,0,0,0,0,0,0.00,0.00,0.00,0.00,0.00,Matches
62,Essaïd Belkalem\747e6a95,DF,dz Algeria,25,1989,3,2,212,2.4,0,0,0,0,0,0,0,0.00,0.00,0.00,0.00,0.00,Matches
63,Diego Benaglio\b7e7937d,GK,ch Switzerland,30,1983,4,4,390,4.3,0,0,0,0,0,0,0,0.00,0.00,0.00,0.00,0.00,Matches
64,Jerry Bengtson\846938b6,FW,hn Honduras,27,1987,3,3,225,2.5,0,0,0,0,0,1,0,0.00,0.00,0.00,0.00,0.00,Matches
65,Nabil Bentaleb\3189f61a,MF,dz Algeria,19,1994,3,3,270,3.0,0,0,0,0,0,1,0,0.00,0.00,0.00,0.00,0.00,Matches
66,Karim Benzema\70d74ece,FW,fr France,26,1987,5,5,450,5.0,3,2,2,1,2,0,0,0.60,0.40,1.00,0.40,0.80,Matches
67,Aleksei Berezutski\84ad89fa,DF,ru Russia,31,1982,3,3,270,3.0,0,0,0,0,0,0,0,0.00,0.00,0.00,0.00,0.00,Matches
68,Steve von Bergen\5d0d1ec7,DF,ch Switzerland,31,1983,2,2,98,1.1,0,0,0,0,0,0,0,0.00,0.00,0.00,0.00,0.00,Matches
69,Bernard\ab4b3e35,FWMF,br Brazil,21,1992,3,1,158,1.8,0,0,0,0,0,0,0,0.00,0.00,0.00,0.00,0.00,Matches
70,Víctor Bernárdez\05f64d2f,DF,hn Honduras,32,1982,3,3,225,2.5,0,0,0,0,0,1,0,0.00,0.00,0.00,0.00,0.00,Matches
71,Muhamed Bešić\7ca9f0f0,DFMF,ba Bosnia and Herzegovina,21,1992,3,3,270,3.0,0,0,0,0,0,1,0,0.00,0.00,0.00,0.00,0.00,Matches
72,Matt Besler\8393a973,DF,us United States,27,1987,4,4,345,3.8,0,0,0,0,0,0,0,0.00,0.00,0.00,0.00,0.00,Matches
73,Beto\3b4941e4,GK,pt Portugal,32,1982,2,2,178,2.0,0,0,0,0,0,0,0,0.00,0.00,0.00,0.00,0.00,Matches
74,Ermin Bičakčić\7aac47fe,DF,ba Bosnia and Herzegovina,24,1990,1,1,90,1.0,0,0,0,0,0,0,0,0.00,0.00,0.00,0.00,0.00,Matches
75,Lucas Biglia\5710a281,MF,ar Argentina,28,1986,7,3,351,3.9,0,0,0,0,0,1,0,0.00,0.00,0.00,0.00,0.00,Matches
76,Daley Blind\691bef82,DFMF,nl Netherlands,24,1990,7,7,669,7.4,1,3,1,0,0,1,0,0.13,0.40,0.54,0.13,0.54,Matches
77,Kim Bo-kyung\587ddfd6,MF,kr Korea Republic,24,1989,2,0,32,0.4,0,0,0,0,0,0,0,0.00,0.00,0.00,0.00,0.00,Matches
78,Jérôme Boateng\2db2fd7b,DF,de Germany,25,1988,7,7,645,7.2,0,0,0,0,0,0,0,0.00,0.00,0.00,0.00,0.00,Matches
79,Kevin-Prince Boateng\f4ec4fd0,FWMF,gh Ghana,27,1987,2,1,83,0.9,0,0,0,0,0,0,0,0.00,0.00,0.00,0.00,0.00,Matches
80,Arthur Boka\3abb0642,DF,ci Côte d'Ivoire,31,1983,3,3,254,2.8,0,0,0,0,0,0,0,0.00,0.00,0.00,0.00,0.00,Matches
81,Christian Bolaños\da2911c4,MF,cr Costa Rica,30,1984,5,4,412,4.6,0,2,0,0,0,0,0,0.00,0.44,0.44,0.00,0.44,Matches
82,Mathis Bolly\e9895d1c,FWMF,ci Côte d'Ivoire,23,1990,1,0,18,0.2,0,0,0,0,0,0,0,0.00,0.00,0.00,0.00,0.00,Matches
83,Leonardo Bonucci\52ec54d0,DF,it Italy,27,1987,1,1,90,1.0,0,0,0,0,0,0,0,0.00,0.00,0.00,0.00,0.00,Matches
84,Wilfried Bony\61abe9b6,FW,ci Côte d'Ivoire,25,1988,3,2,166,1.8,2,0,2,0,0,0,0,1.08,0.00,1.08,1.08,1.08,Matches
85,Celso Borges\b8836910,FWMF,cr Costa Rica,26,1988,5,5,497,5.5,0,0,0,0,0,0,0,0.00,0.00,0.00,0.00,0.00,Matches
86,Madjid Bougherra\5050cc14,DF,dz Algeria,31,1982,3,2,202,2.2,0,0,0,0,0,1,0,0.00,0.00,0.00,0.00,0.00,Matches
87,John Boye\861227d2,DF,gh Ghana,27,1987,3,3,270,3.0,0,0,0,0,0,0,0,0.00,0.00,0.00,0.00,0.00,Matches
88,Oliver Bozanic\b3e61f31,MF,au Australia,25,1989,2,1,111,1.2,0,0,0,0,0,0,0,0.00,0.00,0.00,0.00,0.00,Matches
89,Michael Bradley\fd5e3a73,MF,us United States,26,1987,4,4,390,4.3,0,1,0,0,0,0,0,0.00,0.23,0.23,0.00,0.23,Matches
90,Yacine Brahimi\56b5d64e,FWMF,dz Algeria,24,1990,3,2,189,2.1,1,1,1,0,0,0,0,0.48,0.48,0.95,0.48,0.95,Matches
91,Claudio Bravo\10072610,GK,cl Chile,31,1983,4,4,390,4.3,0,0,0,0,0,0,0,0.00,0.00,0.00,0.00,0.00,Matches
92,Randall Brenes\cde46097,FW,cr Costa Rica,30,1983,3,1,106,1.2,0,0,0,0,0,0,0,0.00,0.00,0.00,0.00,0.00,Matches
93,Mark Bresciano\cb20f13a,MF,au Australia,34,1980,3,2,146,1.6,0,0,0,0,0,0,0,0.00,0.00,0.00,0.00,0.00,Matches
94,John Brooks\e27da244,DF,us United States,21,1993,1,0,45,0.5,1,0,1,0,0,0,0,2.00,0.00,2.00,2.00,2.00,Matches
95,Marcelo Brozović\33b8d077,MF,hr Croatia,21,1992,1,0,30,0.3,0,0,0,0,0,0,0,0.00,0.00,0.00,0.00,0.00,Matches
96,Gianluigi Buffon\e40d028b,GK,it Italy,36,1978,2,2,180,2.0,0,0,0,0,0,0,0,0.00,0.00,0.00,0.00,0.00,Matches
97,Sergio Busquets\5ab0ea87,MF,es Spain,25,1988,2,2,180,2.0,0,0,0,0,0,0,0,0.00,0.00,0.00,0.00,0.00,Matches
98,Yohan Cabaye\ad7b19ef,MF,fr France,28,1986,4,4,316,3.5,0,0,0,0,0,2,0,0.00,0.00,0.00,0.00,0.00,Matches
99,Martín Cáceres\e94d79e3,DF,uy Uruguay,27,1987,4,4,360,4.0,0,0,0,0,0,1,0,0.00,0.00,0.00,0.00,0.00,Matches
100,Gary Cahill\7914b9fe,DF,eng England,28,1985,3,3,270,3.0,0,0,0,0,0,0,0,0.00,0.00,0.00,0.00,0.00,Matches
101,Tim Cahill\e5a2dfc2,FWMF,au Australia,34,1979,2,2,158,1.8,2,0,2,0,0,2,0,1.14,0.00,1.14,1.14,1.14,Matches
102,Felipe Caicedo\93b891d1,FWMF,ec Ecuador,25,1988,3,2,151,1.7,0,0,0,0,0,0,0,0.00,0.00,0.00,0.00,0.00,Matches
103,Geoff Cameron\1a160ea3,DFMF,us United States,28,1985,3,3,300,3.3,0,0,0,0,0,1,0,0.00,0.00,0.00,0.00,0.00,Matches
104,Hugo Campagnaro\2ac01901,DF,ar Argentina,33,1980,1,1,45,0.5,0,0,0,0,0,0,0,0.00,0.00,0.00,0.00,0.00,Matches
105,Joel Campbell\895ff3ca,FWMF,cr Costa Rica,21,1992,5,5,412,4.6,1,1,1,0,0,0,0,0.22,0.22,0.44,0.22,0.44,Matches
106,Antonio Candreva\356c9002,DFFW,it Italy,27,1987,2,2,134,1.5,0,1,0,0,0,0,0,0.00,0.67,0.67,0.00,0.67,Matches
107,Carlos Carbonero\11af1c57,MF,co Colombia,23,1990,1,0,45,0.5,0,0,0,0,0,0,0,0.00,0.00,0.00,0.00,0.00,Matches
108,Juan Carlos García\764476b9,DF,hn Honduras,26,1988,2,1,135,1.5,0,0,0,0,0,0,0,0.00,0.00,0.00,0.00,0.00,Matches
109,Juan Carlos Paredes\5d8c6afd,DFMF,ec Ecuador,26,1987,3,3,270,3.0,0,0,0,0,0,1,0,0.00,0.00,0.00,0.00,0.00,Matches
110,Carlos Carmona\12b9753e,MF,cl Chile,27,1987,1,0,3,0.0,0,0,0,0,0,0,0,0.00,0.00,0.00,0.00,0.00,Matches
111,Eduardo Carvalho\81b906e7,GK,pt Portugal,31,1982,1,0,2,0.0,0,0,0,0,0,0,0,0.00,0.00,0.00,0.00,0.00,Matches
112,William Carvalho\dee86451,MF,pt Portugal,22,1992,2,1,135,1.5,0,0,0,0,0,0,0,0.00,0.00,0.00,0.00,0.00,Matches
113,Iker Casillas\1ddbb0da,GK,es Spain,33,1981,2,2,180,2.0,0,0,0,0,0,1,0,0.00,0.00,0.00,0.00,0.00,Matches
114,Antonio Cassano\d0ed4d32,FW,it Italy,31,1982,2,0,65,0.7,0,0,0,0,0,0,0,0.00,0.00,0.00,0.00,0.00,Matches
115,Edinson Cavani\527f063d,FWMF,uy Uruguay,27,1987,4,4,360,4.0,1,1,0,1,1,0,0,0.25,0.25,0.50,0.00,0.25,Matches
116,Santi Cazorla\e2e9c250,MF,es Spain,29,1984,2,1,82,0.9,0,0,0,0,0,0,0,0.00,0.00,0.00,0.00,0.00,Matches
117,Alessio Cerci\5370cba7,FWMF,it Italy,26,1987,1,0,22,0.2,0,0,0,0,0,0,0,0.00,0.00,0.00,0.00,0.00,Matches
118,Júlio César\f619413f,GK,br Brazil,34,1979,7,7,660,7.3,0,0,0,0,0,1,0,0.00,0.00,0.00,0.00,0.00,Matches
119,Nacer Chadli\5b54bf3b,FWMF,be Belgium,24,1989,4,1,102,1.1,0,0,0,0,0,0,0,0.00,0.00,0.00,0.00,0.00,Matches
120,Marvin Chávez\d3dd83f0,FWMF,hn Honduras,30,1983,2,0,54,0.6,0,0,0,0,0,0,0,0.00,0.00,0.00,0.00,0.00,Matches
121,Osman Chávez\3d9aac3d,DF,hn Honduras,29,1984,1,0,45,0.5,0,0,0,0,0,0,0,0.00,0.00,0.00,0.00,0.00,Matches
122,Aurélien Chedjou\80e4c841,DF,cm Cameroon,28,1985,2,2,135,1.5,0,0,0,0,0,0,0,0.00,0.00,0.00,0.00,0.00,Matches
123,Giorgio Chiellini\e85fb9b8,DF,it Italy,29,1984,3,3,270,3.0,0,0,0,0,0,0,0,0.00,0.00,0.00,0.00,0.00,Matches
124,Lazaros Christodoulopoulos\f73abe54,FWMF,gr Greece,27,1986,2,2,210,2.3,0,0,0,0,0,0,0,0.00,0.00,0.00,0.00,0.00,Matches
125,Park Chu-young\d9fa272a,FWMF,kr Korea Republic,28,1985,2,2,111,1.2,0,0,0,0,0,0,0,0.00,0.00,0.00,0.00,0.00,Matches
126,Lee Chung-yong\49b05a83,FWMF,kr Korea Republic,25,1988,3,3,243,2.7,0,0,0,0,0,0,0,0.00,0.00,0.00,0.00,0.00,Matches
127,Jasper Cillessen\04ac8285,GK,nl Netherlands,25,1989,7,7,688,7.6,0,0,0,0,0,0,0,0.00,0.00,0.00,0.00,0.00,Matches
128,Jorge Claros\a9df8baf,MF,hn Honduras,28,1986,3,2,213,2.4,0,0,0,0,0,0,0,0.00,0.00,0.00,0.00,0.00,Matches
129,Jordy Clasie\31c01b85,MF,nl Netherlands,22,1991,2,1,148,1.6,0,0,0,0,0,0,0,0.00,0.00,0.00,0.00,0.00,Matches
130,Sebastián Coates\1fbbfbde,DF,uy Uruguay,23,1990,1,0,3,0.0,0,0,0,0,0,0,0,0.00,0.00,0.00,0.00,0.00,Matches
131,Fábio Coentrão\0f8bd0a6,DF,pt Portugal,26,1988,1,1,64,0.7,0,0,0,0,0,0,0,0.00,0.00,0.00,0.00,0.00,Matches
132,Vedran Ćorluka\6ceef869,DF,hr Croatia,28,1986,3,3,270,3.0,0,0,0,0,0,1,0,0.00,0.00,0.00,0.00,0.00,Matches
133,Diego Costa\a190d597,FW,es Spain,25,1988,2,2,125,1.4,0,0,0,0,0,0,0,0.00,0.00,0.00,0.00,0.00,Matches
134,Ricardo Costa\cd7325e1,DF,pt Portugal,33,1981,2,1,135,1.5,0,0,0,0,0,0,0,0.00,0.00,0.00,0.00,0.00,Matches
135,Carlo Costly\2abf959a,FW,hn Honduras,31,1982,3,3,219,2.4,1,0,1,0,0,0,0,0.41,0.00,0.41,0.41,0.41,Matches
136,Thibaut Courtois\1840e36d,GK,be Belgium,22,1992,5,5,480,5.3,0,0,0,0,0,0,0,0.00,0.00,0.00,0.00,0.00,Matches
137,Juan Cuadrado\0ab1f153,DFFW,co Colombia,26,1988,5,5,384,4.3,1,4,0,1,1,0,0,0.23,0.94,1.17,0.00,0.94,Matches
138,Dante\fd2bc67d,DF,br Brazil,30,1983,1,1,90,1.0,0,0,0,0,0,1,0,0.00,0.00,0.00,0.00,0.00,Matches
139,Matteo Darmian\96e0490d,DFMF,it Italy,24,1989,3,3,270,3.0,0,0,0,0,0,0,0,0.00,0.00,0.00,0.00,0.00,Matches
140,Fatau Dauda\b7ec4136,GK,gh Ghana,29,1985,2,2,180,2.0,0,0,0,0,0,0,0,0.00,0.00,0.00,0.00,0.00,Matches
141,Jason Davidson\46bcd68d,DFMF,au Australia,22,1991,3,3,270,3.0,0,0,0,0,0,0,0,0.00,0.00,0.00,0.00,0.00,Matches
142,Brad Davis\7adc9ea2,MF,us United States,32,1981,1,1,58,0.6,0,0,0,0,0,0,0,0.00,0.00,0.00,0.00,0.00,Matches
143,Kevin De Bruyne\e46012d4,FWMF,be Belgium,22,1991,4,4,390,4.3,1,2,1,0,0,0,0,0.23,0.46,0.69,0.23,0.69,Matches
144,Daniele De Rossi\532d2690,DFMF,it Italy,30,1983,2,2,180,2.0,0,0,0,0,0,0,0,0.00,0.00,0.00,0.00,0.00,Matches
145,Mattia De Sciglio\ae4e2852,DF,it Italy,21,1992,1,1,90,1.0,0,0,0,0,0,1,0,0.00,0.00,0.00,0.00,0.00,Matches
146,Mathieu Debuchy\92232aad,DF,fr France,28,1985,4,4,360,4.0,0,0,0,0,0,0,0,0.00,0.00,0.00,0.00,0.00,Matches
147,Steven Defour\73489527,MF,be Belgium,26,1988,1,1,43,0.5,0,0,0,0,0,0,1,0.00,0.00,0.00,0.00,0.00,Matches
148,Ashkan Dejagah\5171db60,FWMF,ir Iran,27,1986,3,3,228,2.5,0,0,0,0,0,0,0,0.00,0.00,0.00,0.00,0.00,Matches
149,Mousa Dembélé\f7ee69fb,MF,be Belgium,26,1987,2,2,154,1.7,0,0,0,0,0,1,0,0.00,0.00,0.00,0.00,0.00,Matches
150,Martín Demichelis\e9c7102a,DFMF,ar Argentina,33,1980,3,3,330,3.7,0,0,0,0,0,1,0,0.00,0.00,0.00,0.00,0.00,Matches
151,Clint Dempsey\523d9de6,FWMF,us United States,31,1983,4,4,386,4.3,2,0,2,0,0,0,0,0.47,0.00,0.47,0.47,0.47,Matches
152,Igor Denisov\fbb23472,MF,ru Russia,30,1984,2,0,64,0.7,0,0,0,0,0,0,0,0.00,0.00,0.00,0.00,0.00,Matches
153,Memphis Depay\8f696594,FWMF,nl Netherlands,20,1994,4,1,178,2.0,2,1,2,0,0,0,0,1.01,0.51,1.52,1.01,1.52,Matches
154,Ángel Di María\19cda00b,FWMF,ar Argentina,26,1988,5,5,426,4.7,1,0,1,0,0,1,0,0.21,0.00,0.21,0.21,0.21,Matches
155,Júnior Díaz\a83f301d,DFMF,cr Costa Rica,30,1983,5,5,510,5.7,0,1,0,0,0,1,0,0.00,0.18,0.18,0.00,0.18,Matches
156,Marcelo Díaz\955b2e8a,MF,cl Chile,27,1986,4,4,390,4.3,0,0,0,0,0,0,0,0.00,0.00,0.00,0.00,0.00,Matches
157,Serey Die\3c1b7c60,MF,ci Côte d'Ivoire,29,1984,3,3,223,2.5,0,0,0,0,0,1,0,0.00,0.00,0.00,0.00,0.00,Matches
158,Lucas Digne\1b84dbe1,DF,fr France,20,1993,1,1,90,1.0,0,0,0,0,0,0,0,0.00,0.00,0.00,0.00,0.00,Matches
159,Ismaël Diomandé\10650926,MF,ci Côte d'Ivoire,21,1992,1,0,13,0.1,0,0,0,0,0,0,0,0.00,0.00,0.00,0.00,0.00,Matches
160,Abdelmoumene Djabou\1618abe3,MF,dz Algeria,27,1987,3,2,169,1.9,2,1,2,0,0,0,0,1.07,0.53,1.60,1.07,1.60,Matches
161,Constant Djakpa\b3ed818e,DF,ci Côte d'Ivoire,27,1986,1,0,16,0.2,0,0,0,0,0,0,0,0.00,0.00,0.00,0.00,0.00,Matches
162,Cédric Djeugoué\25f39524,DFMF,cm Cameroon,21,1992,1,1,45,0.5,0,0,0,0,0,0,0,0.00,0.00,0.00,0.00,0.00,Matches
163,Johan Djourou\b8673e18,DF,ch Switzerland,27,1987,4,4,390,4.3,0,0,0,0,0,1,0,0.00,0.00,0.00,0.00,0.00,Matches
164,Alexander Domínguez\84c22fa0,GK,ec Ecuador,27,1987,3,3,270,3.0,0,0,0,0,0,0,0,0.00,0.00,0.00,0.00,0.00,Matches
165,Ji Dong-won\7d841904,FWMF,kr Korea Republic,23,1991,2,0,31,0.3,0,0,0,0,0,0,0,0.00,0.00,0.00,0.00,0.00,Matches
166,Giovani dos Santos\7dba6233,FWMF,mx Mexico,25,1989,4,4,294,3.3,1,0,1,0,0,0,0,0.31,0.00,0.31,0.31,0.31,Matches
167,Julian Draxler\1a992676,FWMF,de Germany,20,1993,1,0,15,0.2,0,0,0,0,0,0,0,0.00,0.00,0.00,0.00,0.00,Matches
168,Josip Drmić\15ea94de,FW,ch Switzerland,21,1992,4,3,249,2.8,0,2,0,0,0,0,0,0.00,0.72,0.72,0.00,0.72,Matches
169,Didier Drogba\945dea33,FW,ci Côte d'Ivoire,36,1978,3,1,137,1.5,0,0,0,0,0,1,0,0.00,0.00,0.00,0.00,0.00,Matches
170,Óscar Duarte\aa0ac32d,DF,cr Costa Rica,25,1989,4,4,335,3.7,1,0,1,0,0,2,1,0.27,0.00,0.27,0.27,0.27,Matches
171,Alan Dzagoev\4c45cdc2,MF,ru Russia,23,1990,3,0,64,0.7,0,0,0,0,0,0,0,0.00,0.00,0.00,0.00,0.00,Matches
172,Edin Džeko\3bb7f478,FW,ba Bosnia and Herzegovina,28,1986,3,3,263,2.9,1,0,1,0,0,0,0,0.34,0.00,0.34,0.34,0.34,Matches
173,Blerim Džemaili\756959aa,MF,ch Switzerland,28,1986,3,0,57,0.6,1,0,1,0,0,0,0,1.58,0.00,1.58,1.58,1.58,Matches
174,Éder\f0fc9d0e,FW,pt Portugal,26,1987,3,1,206,2.3,0,0,0,0,0,0,0,0.00,0.00,0.00,0.00,0.00,Matches
175,Emmanuel Emenike\df6bcd09,FW,ng Nigeria,27,1987,4,4,360,4.0,0,2,0,0,0,0,0,0.00,0.50,0.50,0.00,0.50,Matches
176,Yasuhito Endō\5b5420e2,MF,jp Japan,34,1980,2,0,82,0.9,0,0,0,0,0,0,0,0.00,0.00,0.00,0.00,0.00,Matches
177,Eyong Enoh\d3dcab48,MF,cm Cameroon,28,1986,3,3,270,3.0,0,0,0,0,0,1,0,0.00,0.00,0.00,0.00,0.00,Matches
178,Vincent Enyeama\62156b6a,GK,ng Nigeria,31,1982,4,4,360,4.0,0,0,0,0,0,0,0,0.00,0.00,0.00,0.00,0.00,Matches
179,Frickson Erazo\4ec7211b,DF,ec Ecuador,26,1988,3,3,270,3.0,0,0,0,0,0,1,0,0.00,0.00,0.00,0.00,0.00,Matches
180,Roger Espinoza\60b7c195,DFMF,hn Honduras,27,1986,3,3,225,2.5,0,0,0,0,0,0,0,0.00,0.00,0.00,0.00,0.00,Matches
181,Michael Essien\d6577282,DFMF,gh Ghana,31,1982,1,0,20,0.2,0,0,0,0,0,0,0,0.00,0.00,0.00,0.00,0.00,Matches
182,Samuel Eto'o\06420c93,FW,cm Cameroon,33,1981,1,1,90,1.0,0,0,0,0,0,0,0,0.00,0.00,0.00,0.00,0.00,Matches
183,Patrice Evra\51a3caf1,DF,fr France,33,1981,4,4,360,4.0,0,1,0,0,0,1,0,0.00,0.25,0.25,0.00,0.25,Matches
184,Marco Fabián\e665a2db,FWMF,mx Mexico,24,1989,3,0,44,0.5,0,0,0,0,0,0,0,0.00,0.00,0.00,0.00,0.00,Matches
185,Cesc Fàbregas\33508c78,FWMF,es Spain,27,1987,2,0,36,0.4,0,1,0,0,0,0,0,0.00,2.50,2.50,0.00,2.50,Matches
186,Viktor Fayzulin\5d5c8506,MF,ru Russia,28,1986,3,3,270,3.0,0,0,0,0,0,0,0,0.00,0.00,0.00,0.00,0.00,Matches
187,Sofiane Feghouli\691f64f5,FWMF,dz Algeria,24,1989,4,4,390,4.3,1,2,0,1,1,0,0,0.23,0.46,0.69,0.00,0.46,Matches
188,Marouane Fellaini\87575fd9,MF,be Belgium,26,1987,5,4,416,4.6,1,0,1,0,0,0,0,0.22,0.00,0.22,0.22,0.22,Matches
189,Leroy Fer\3cefa66a,MF,nl Netherlands,24,1990,1,0,16,0.2,1,0,1,0,0,0,0,5.63,0.00,5.63,5.63,5.63,Matches
190,Gelson Fernandes\8e58987d,MF,ch Switzerland,27,1986,1,0,55,0.6,0,0,0,0,0,1,0,0.00,0.00,0.00,0.00,0.00,Matches
191,Federico Fernández\f25b010f,DF,ar Argentina,25,1989,4,4,390,4.3,0,0,0,0,0,0,0,0.00,0.00,0.00,0.00,0.00,Matches
192,Fernandinho\101da2b5,DFMF,br Brazil,29,1985,5,3,296,3.3,1,0,1,0,0,1,0,0.30,0.00,0.30,0.30,0.30,Matches
193,Giannis Fetfatzidis\d04d34c4,MF,gr Greece,23,1990,2,1,74,0.8,0,0,0,0,0,0,0,0.00,0.00,0.00,0.00,0.00,Matches
194,Maynor Figueroa\d8524b21,DF,hn Honduras,31,1983,3,3,270,3.0,0,0,0,0,0,0,0,0.00,0.00,0.00,0.00,0.00,Matches
195,Diego Forlán\d87d0dfc,FWMF,uy Uruguay,35,1979,2,2,111,1.2,0,0,0,0,0,0,0,0.00,0.00,0.00,0.00,0.00,Matches
196,Ben Foster\d0b3ceb9,GK,eng England,31,1983,1,1,90,1.0,0,0,0,0,0,0,0,0.00,0.00,0.00,0.00,0.00,Matches
197,Ivan Franjic\80b94fb9,DFFW,au Australia,26,1987,1,1,48,0.5,0,1,0,0,0,0,0,0.00,1.87,1.87,0.00,1.87,Matches
198,Fred\acaeba74,FW,br Brazil,30,1983,6,6,471,5.2,1,0,1,0,0,0,0,0.19,0.00,0.19,0.19,0.19,Matches
199,Jorge Fucile\30ad0dc7,DF,uy Uruguay,29,1984,1,0,13,0.1,0,0,0,0,0,0,0,0.00,0.00,0.00,0.00,0.00,Matches
200,Reuben Gabriel\bc5ed7cb,MF,ng Nigeria,23,1990,1,0,32,0.4,0,0,0,0,0,0,0,0.00,0.00,0.00,0.00,0.00,Matches
201,Fernando Gago\e86337bd,MF,ar Argentina,28,1986,6,3,375,4.2,0,0,0,0,0,0,0,0.00,0.00,0.00,0.00,0.00,Matches
202,Cristian Gamboa\f27680d9,DFMF,cr Costa Rica,24,1989,5,5,424,4.7,0,0,0,0,0,0,0,0.00,0.00,0.00,0.00,0.00,Matches
203,Ezequiel Garay\ac3fb1be,DF,ar Argentina,27,1986,7,7,720,8.0,0,0,0,0,0,1,0,0.00,0.00,0.00,0.00,0.00,Matches
204,Boniek García\889ce425,DFMF,hn Honduras,29,1984,3,2,202,2.2,0,0,0,0,0,1,0,0.00,0.00,0.00,0.00,0.00,Matches
205,Walter Gargano\f7cb73ec,MF,uy Uruguay,29,1984,1,1,59,0.7,0,0,0,0,0,1,0,0.00,0.00,0.00,0.00,0.00,Matches
206,Luis Garrido\b050ea25,FWMF,hn Honduras,23,1990,2,2,160,1.8,0,0,0,0,0,1,0,0.00,0.00,0.00,0.00,0.00,Matches
207,Theofanis Gekas\244bc211,FW,gr Greece,34,1980,4,1,184,2.0,0,0,0,0,0,0,0,0.00,0.00,0.00,0.00,0.00,Matches
208,Steven Gerrard\caeb5442,MF,eng England,34,1980,3,2,198,2.2,0,0,0,0,0,1,0,0.00,0.00,0.00,0.00,0.00,Matches
209,Gervinho\e468c053,FWMF,ci Côte d'Ivoire,27,1987,3,3,262,2.9,2,1,2,0,0,0,0,0.69,0.34,1.03,0.69,1.03,Matches
210,Nabil Ghilas\cee627f6,FWMF,dz Algeria,24,1990,3,0,39,0.4,0,0,0,0,0,1,0,0.00,0.00,0.00,0.00,0.00,Matches
211,Reza Ghoochannejad\b1f31e45,FWMF,ir Iran,26,1987,3,3,270,3.0,1,0,1,0,0,0,0,0.33,0.00,0.33,0.33,0.33,Matches
212,Faouzi Ghoulam\c5adc293,DF,dz Algeria,23,1991,2,2,210,2.3,0,0,0,0,0,0,0,0.00,0.00,0.00,0.00,0.00,Matches
213,Olivier Giroud\16ceb862,FW,fr France,27,1986,5,2,166,1.8,1,1,1,0,0,0,0,0.54,0.54,1.08,0.54,1.08,Matches
214,Denis Glushakov\c67b8590,MF,ru Russia,27,1987,3,3,206,2.3,0,0,0,0,0,1,0,0.00,0.00,0.00,0.00,0.00,Matches
215,Panagiotis Glykos\470eb063,GK,gr Greece,27,1986,1,0,67,0.7,0,0,0,0,0,0,0,0.00,0.00,0.00,0.00,0.00,Matches
216,Diego Godín\fc4f85b1,DF,uy Uruguay,28,1986,4,4,360,4.0,1,0,1,0,0,2,0,0.25,0.00,0.25,0.25,0.25,Matches
217,Álvaro González\873b892d,MF,uy Uruguay,29,1984,4,3,264,2.9,0,0,0,0,0,0,0,0.00,0.00,0.00,0.00,0.00,Matches
218,Giancarlo González\117beb8f,DF,cr Costa Rica,26,1988,5,5,510,5.7,0,0,0,0,0,2,0,0.00,0.00,0.00,0.00,0.00,Matches
219,Omar Gonzalez\0d2fe665,DF,us United States,25,1988,3,2,211,2.3,0,0,0,0,0,1,0,0.00,0.00,0.00,0.00,0.00,Matches
220,Mario Götze\9efa1d25,FWMF,de Germany,22,1992,6,3,259,2.9,2,0,2,0,0,0,0,0.69,0.00,0.69,0.69,0.69,Matches
221,Max Gradel\c5a500ca,FWMF,ci Côte d'Ivoire,26,1987,1,1,66,0.7,0,0,0,0,0,0,0,0.00,0.00,0.00,0.00,0.00,Matches
222,Julian Green\ad1d6fa4,FWMF,us United States,19,1995,1,0,16,0.2,1,0,1,0,0,0,0,5.63,0.00,5.63,5.63,5.63,Matches
223,Antoine Griezmann\df69b544,FWMF,fr France,23,1991,5,3,296,3.3,0,0,0,0,0,0,0,0.00,0.00,0.00,0.00,0.00,Matches
224,Carlos Gruezo\f2dd9a21,MF,ec Ecuador,19,1995,2,1,98,1.1,0,0,0,0,0,0,0,0.00,0.00,0.00,0.00,0.00,Matches
225,Jorge Guagua\29f79bb0,DF,ec Ecuador,32,1981,3,3,270,3.0,0,0,0,0,0,0,0,0.00,0.00,0.00,0.00,0.00,Matches
226,Andrés Guardado\ef322658,DFFW,mx Mexico,27,1986,4,4,331,3.7,1,0,1,0,0,1,0,0.27,0.00,0.27,0.27,0.27,Matches
227,Fredy Guarín\c36ef7e9,MF,co Colombia,27,1986,3,2,190,2.1,0,0,0,0,0,1,0,0.00,0.00,0.00,0.00,0.00,Matches
228,Luiz Gustavo\82671804,DFMF,br Brazil,26,1987,6,6,525,5.8,0,1,0,0,0,2,0,0.00,0.17,0.17,0.00,0.17,Matches
229,Felipe Gutiérrez\80ae314a,MF,cl Chile,23,1990,4,1,167,1.9,0,0,0,0,0,0,0,0.00,0.00,0.00,0.00,0.00,Matches
230,Teófilo Gutiérrez\165afe13,FWMF,co Colombia,29,1985,4,4,301,3.3,1,1,1,0,0,0,0,0.30,0.30,0.60,0.30,0.60,Matches
231,Jonathan de Guzmán\1bcca8b8,MF,nl Netherlands,26,1987,3,3,228,2.5,0,1,0,0,0,2,0,0.00,0.39,0.39,0.00,0.39,Matches
232,Asamoah Gyan\7f7bbbc2,FW,gh Ghana,28,1985,3,3,270,3.0,2,1,2,0,0,0,0,0.67,0.33,1.00,0.67,1.00,Matches
233,Anel Hadžić\e556a911,DFMF,ba Bosnia and Herzegovina,24,1989,1,1,60,0.7,0,0,0,0,0,0,0,0.00,0.00,0.00,0.00,0.00,Matches
234,Alireza Haghighi\a6c2a6ac,GK,ir Iran,26,1988,3,3,270,3.0,0,0,0,0,0,0,0,0.00,0.00,0.00,0.00,0.00,Matches
235,Reza Haghighi\c1c4bef8,MF,ir Iran,25,1989,1,0,3,0.0,0,0,0,0,0,0,0,0.00,0.00,0.00,0.00,0.00,Matches
236,Izet Hajrović\55537f53,MF,ba Bosnia and Herzegovina,22,1991,2,2,126,1.4,0,0,0,0,0,0,0,0.00,0.00,0.00,0.00,0.00,Matches
237,Ehsan Hajsafi\b060e3b8,DFMF,ir Iran,24,1990,3,3,239,2.7,0,0,0,0,0,0,0,0.00,0.00,0.00,0.00,0.00,Matches
238,Rafik Halliche\ecb2f4e3,DF,dz Algeria,27,1986,4,4,366,4.1,1,0,1,0,0,1,0,0.25,0.00,0.25,0.25,0.25,Matches
239,Ben Halloran\64c588cd,FWMF,au Australia,22,1992,3,0,90,1.0,0,0,0,0,0,0,0,0.00,0.00,0.00,0.00,0.00,Matches
240,Joe Hart\cb4f24c6,GK,eng England,27,1987,2,2,180,2.0,0,0,0,0,0,0,0,0.00,0.00,0.00,0.00,0.00,Matches
241,Makoto Hasebe\9ab16552,DFMF,jp Japan,30,1984,3,3,188,2.1,0,0,0,0,0,1,0,0.00,0.00,0.00,0.00,0.00,Matches
242,Eden Hazard\a39bb753,FWMF,be Belgium,23,1991,5,4,367,4.1,0,2,0,0,0,1,0,0.00,0.49,0.49,0.00,0.49,Matches
243,Jordan Henderson\935e6b8f,MF,eng England,23,1990,2,2,160,1.8,0,0,0,0,0,0,0,0.00,0.00,0.00,0.00,0.00,Matches
244,Henrique\429163de,DF,br Brazil,27,1986,1,0,3,0.0,0,0,0,0,0,0,0,0.00,0.00,0.00,0.00,0.00,Matches
245,Abel Hernández\a36da810,FW,uy Uruguay,23,1990,2,0,39,0.4,0,0,0,0,0,0,0,0.00,0.00,0.00,0.00,0.00,Matches
246,Javier Hernández\189cee7b,FW,mx Mexico,26,1988,4,0,79,0.9,1,0,1,0,0,0,0,1.14,0.00,1.14,1.14,1.14,Matches
247,Hernanes\cfc2ee72,MF,br Brazil,29,1985,3,0,67,0.7,0,0,0,0,0,0,0,0.00,0.00,0.00,0.00,0.00,Matches
248,Héctor Herrera\a8542814,MF,mx Mexico,24,1990,4,4,344,3.8,0,1,0,0,0,0,0,0.00,0.26,0.26,0.00,0.26,Matches
249,Son Heung-min\92e7e919,FWMF,kr Korea Republic,21,1992,3,3,245,2.7,1,0,1,0,0,1,0,0.37,0.00,0.37,0.37,0.37,Matches
250,Khosro Heydari\2b827052,DFMF,ir Iran,30,1983,3,1,148,1.6,0,0,0,0,0,0,0,0.00,0.00,0.00,0.00,0.00,Matches
251,Gonzalo Higuaín\8a08491a,FWMF,ar Argentina,26,1987,7,6,568,6.3,1,1,1,0,0,0,0,0.16,0.16,0.32,0.16,0.32,Matches
252,José Holebas\12aa7661,DFMF,gr Greece,29,1984,4,4,390,4.3,0,0,0,0,0,0,0,0.00,0.00,0.00,0.00,0.00,Matches
253,Keisuke Honda\5cfc82a1,FWMF,jp Japan,28,1986,3,3,270,3.0,1,1,1,0,0,0,0,0.33,0.33,0.67,0.33,0.67,Matches
254,Amir Hossein Sadeghi\705fcf79,DF,ir Iran,32,1981,3,3,270,3.0,0,0,0,0,0,0,0,0.00,0.00,0.00,0.00,0.00,Matches
255,Jalal Hosseini\f2d31a1b,DF,ir Iran,32,1982,3,3,270,3.0,0,0,0,0,0,0,0,0.00,0.00,0.00,0.00,0.00,Matches
256,Tim Howard\c444465e,GK,us United States,35,1979,4,4,390,4.3,0,0,0,0,0,0,0,0.00,0.00,0.00,0.00,0.00,Matches
257,Benedikt Höwedes\d5c04323,DF,de Germany,26,1988,7,7,690,7.7,0,1,0,0,0,2,0,0.00,0.13,0.13,0.00,0.13,Matches
258,Hulk\33a1f72e,FWMF,br Brazil,27,1986,6,5,394,4.4,0,0,0,0,0,1,0,0.00,0.00,0.00,0.00,0.00,Matches
259,Mats Hummels\05d548d8,DF,de Germany,25,1988,6,6,507,5.6,2,0,2,0,0,0,0,0.36,0.00,0.36,0.36,0.36,Matches
260,Klaas-Jan Huntelaar\5042e5c2,FW,nl Netherlands,30,1983,3,0,55,0.6,1,1,0,1,1,2,0,1.64,1.64,3.27,0.00,1.64,Matches
261,Víctor Ibarbo\552d1e41,FWMF,co Colombia,24,1990,3,3,187,2.1,0,0,0,0,0,0,0,0.00,0.00,0.00,0.00,0.00,Matches
262,Renato Ibarra\f2f06df9,FWMF,ec Ecuador,23,1991,1,0,28,0.3,0,0,0,0,0,0,0,0.00,0.00,0.00,0.00,0.00,Matches
263,Vedad Ibišević\c3fd9887,FW,ba Bosnia and Herzegovina,29,1984,3,1,146,1.6,1,0,1,0,0,0,0,0.62,0.00,0.62,0.62,0.62,Matches
264,Sergei Ignashevich\04f2ed4d,DF,ru Russia,34,1979,3,3,270,3.0,0,0,0,0,0,0,0,0.00,0.00,0.00,0.00,0.00,Matches
265,Ciro Immobile\4431aed2,FW,it Italy,24,1990,2,1,88,1.0,0,0,0,0,0,0,0,0.00,0.00,0.00,0.00,0.00,Matches
266,Andrés Iniesta\cfd65a29,MF,es Spain,30,1984,3,3,270,3.0,0,1,0,0,0,0,0,0.00,0.33,0.33,0.00,0.33,Matches
267,Gökhan Inler\3200c583,MF,ch Switzerland,29,1984,4,4,390,4.3,0,1,0,0,0,0,0,0.00,0.23,0.23,0.00,0.23,Matches
268,Lorenzo Insigne\2f557579,FWMF,it Italy,23,1991,1,0,34,0.4,0,0,0,0,0,0,0,0.00,0.00,0.00,0.00,0.00,Matches
269,Mauricio Isla\de4517dd,DFMF,cl Chile,26,1988,4,4,390,4.3,0,0,0,0,0,0,0,0.00,0.00,0.00,0.00,0.00,Matches
270,Charles Itandje\a73f9653,GK,cm Cameroon,31,1982,3,3,270,3.0,0,0,0,0,0,0,0,0.00,0.00,0.00,0.00,0.00,Matches
271,Emilio Izaguirre\56923ba9,DF,hn Honduras,28,1986,2,2,135,1.5,0,0,0,0,0,0,0,0.00,0.00,0.00,0.00,0.00,Matches
272,Koo Ja-cheol\3c05e082,MF,kr Korea Republic,25,1989,3,3,270,3.0,1,0,1,0,0,1,0,0.33,0.00,0.33,0.33,0.33,Matches
273,Phil Jagielka\3233eefd,DFMF,eng England,31,1982,2,2,180,2.0,0,0,0,0,0,0,0,0.00,0.00,0.00,0.00,0.00,Matches
274,Alireza Jahanbakhsh\08452314,FWMF,ir Iran,20,1993,3,0,47,0.5,0,0,0,0,0,0,0,0.00,0.00,0.00,0.00,0.00,Matches
275,Daryl Janmaat\45da6694,DF,nl Netherlands,24,1989,5,3,366,4.1,0,2,0,0,0,0,0,0.00,0.49,0.49,0.00,0.49,Matches
276,Adnan Januzaj\4737cebe,FWMF,be Belgium,19,1995,1,1,59,0.7,0,0,0,0,0,0,0,0.00,0.00,0.00,0.00,0.00,Matches
277,Gonzalo Jara\9b1b4782,DFMF,cl Chile,28,1985,4,4,390,4.3,0,0,0,0,0,0,0,0.00,0.00,0.00,0.00,0.00,Matches
278,Francisco Javier Rodríguez\f913875f,DF,mx Mexico,32,1981,4,4,360,4.0,0,0,0,0,0,0,0,0.00,0.00,0.00,0.00,0.00,Matches
279,Mile Jedinak\22fd2214,MF,au Australia,29,1984,3,3,270,3.0,1,0,0,1,1,2,0,0.33,0.00,0.33,0.00,0.00,Matches
280,Nikica Jelavić\1a29f38c,FW,hr Croatia,28,1985,2,1,94,1.0,0,0,0,0,0,0,0,0.00,0.00,0.00,0.00,0.00,Matches
281,Hong Jeong-ho\f2fb78a6,DF,kr Korea Republic,24,1989,3,3,251,2.8,0,0,0,0,0,1,0,0.00,0.00,0.00,0.00,0.00,Matches
282,Raúl Jiménez\b561db50,FW,mx Mexico,23,1991,1,0,7,0.1,0,0,0,0,0,0,0,0.00,0.00,0.00,0.00,0.00,Matches
283,Jô\e47d11f8,FW,br Brazil,27,1987,3,1,168,1.9,0,0,0,0,0,1,0,0.00,0.00,0.00,0.00,0.00,Matches
284,Aron Jóhannsson\c0dc9fc7,FWMF,us United States,23,1990,1,0,68,0.8,0,0,0,0,0,0,0,0.00,0.00,0.00,0.00,0.00,Matches
285,Fabian Johnson\76e5da9d,DFMF,us United States,26,1987,4,4,301,3.3,0,0,0,0,0,0,0,0.00,0.00,0.00,0.00,0.00,Matches
286,Glen Johnson\8cceca90,DF,eng England,29,1984,2,2,180,2.0,0,1,0,0,0,0,0,0.00,0.50,0.50,0.00,0.50,Matches
287,Jermaine Jones\0c577541,MF,us United States,32,1981,4,4,390,4.3,1,1,1,0,0,1,0,0.23,0.23,0.46,0.23,0.46,Matches
288,Phil Jones\def899bd,DFMF,eng England,22,1992,1,1,90,1.0,0,0,0,0,0,0,0,0.00,0.00,0.00,0.00,0.00,Matches
289,Nigel de Jong\a0e209bc,MF,nl Netherlands,29,1984,5,5,339,3.8,0,0,0,0,0,0,0,0.00,0.00,0.00,0.00,0.00,Matches
290,José Juan Vázquez\35fd6633,MF,mx Mexico,26,1988,3,3,270,3.0,0,0,0,0,0,2,0,0.00,0.00,0.00,0.00,0.00,Matches
291,Juanfran\cfd8d664,DFMF,es Spain,29,1985,1,1,90,1.0,0,1,0,0,0,0,0,0.00,1.00,1.00,0.00,1.00,Matches
292,Shinji Kagawa\5afafbfe,FWMF,jp Japan,25,1989,3,2,203,2.3,0,0,0,0,0,0,0,0.00,0.00,0.00,0.00,0.00,Matches
293,Yoichiro Kakitani\2c01572f,FWMF,jp Japan,24,1990,2,0,27,0.3,0,0,0,0,0,0,0,0.00,0.00,0.00,0.00,0.00,Matches
294,Salomon Kalou\2042d931,FWMF,ci Côte d'Ivoire,28,1985,3,2,204,2.3,0,0,0,0,0,1,0,0.00,0.00,0.00,0.00,0.00,Matches
295,Maksim Kanunnikov\f2fa26f4,FWMF,ru Russia,22,1991,2,1,100,1.1,0,0,0,0,0,0,0,0.00,0.00,0.00,0.00,0.00,Matches
296,Giorgos Karagounis\ed2192d0,MF,gr Greece,37,1977,4,2,260,2.9,0,0,0,0,0,0,0,0.00,0.00,0.00,0.00,0.00,Matches
297,Orestis Karnezis\85b011bb,GK,gr Greece,28,1985,4,4,323,3.6,0,0,0,0,0,0,0,0.00,0.00,0.00,0.00,0.00,Matches
298,Kostas Katsouranis\46ee1669,DFMF,gr Greece,34,1979,3,2,170,1.9,0,0,0,0,0,2,1,0.00,0.00,0.00,0.00,0.00,Matches
299,Eiji Kawashima\a4527d33,GK,jp Japan,31,1983,3,3,270,3.0,0,0,0,0,0,0,0,0.00,0.00,0.00,0.00,0.00,Matches
300,Aleksandr Kerzhakov\e8cb6c66,FW,ru Russia,31,1982,3,1,101,1.1,1,0,1,0,0,0,0,0.89,0.00,0.89,0.89,0.89,Matches
301,Lee Keun-ho\014d6c6d,FWMF,kr Korea Republic,29,1985,3,0,107,1.2,1,1,1,0,0,0,0,0.84,0.84,1.68,0.84,1.68,Matches
302,Sami Khedira\38ac43d3,MF,de Germany,27,1987,5,4,374,4.2,1,1,1,0,0,1,0,0.24,0.24,0.48,0.24,0.48,Matches
303,Hiroshi Kiyotake\0dba1f3e,FWMF,jp Japan,24,1989,1,0,6,0.1,0,0,0,0,0,0,0,0.00,0.00,0.00,0.00,0.00,Matches
304,Miroslav Klose\5e36a0dd,FW,de Germany,36,1978,5,3,279,3.1,2,0,2,0,0,0,0,0.65,0.00,0.65,0.65,0.65,Matches
305,Koke\55126f3b,MF,es Spain,22,1992,2,1,135,1.5,0,0,0,0,0,0,0,0.00,0.00,0.00,0.00,0.00,Matches
306,Aleksandr Kokorin\fec5accc,FWMF,ru Russia,23,1991,3,3,270,3.0,1,0,1,0,0,0,0,0.33,0.00,0.33,0.33,0.33,Matches
307,Sead Kolašinac\3935e52e,DFMF,ba Bosnia and Herzegovina,20,1993,2,2,180,2.0,0,0,0,0,0,0,0,0.00,0.00,0.00,0.00,0.00,Matches
308,Dmitri Kombarov\6d3f2898,DFMF,ru Russia,27,1987,3,3,270,3.0,0,1,0,0,0,1,0,0.00,0.33,0.33,0.00,0.33,Matches
309,Vincent Kompany\d2bff301,DF,be Belgium,28,1986,4,4,390,4.3,0,0,0,0,0,1,0,0.00,0.00,0.00,0.00,0.00,Matches
310,Panagiotis Kone\27d34558,MF,gr Greece,26,1987,3,3,168,1.9,0,0,0,0,0,0,0,0.00,0.00,0.00,0.00,0.00,Matches
311,Terence Kongolo\1f9a3a04,DF,nl Netherlands,20,1994,1,0,2,0.0,0,0,0,0,0,0,0,0.00,0.00,0.00,0.00,0.00,Matches
312,Yasuyuki Konno\b2f008c5,DFMF,jp Japan,31,1983,2,2,180,2.0,0,0,0,0,0,1,0,0.00,0.00,0.00,0.00,0.00,Matches
313,Han Kook-young\ab1ada74,MF,kr Korea Republic,24,1990,3,3,212,2.4,0,1,0,0,0,1,0,0.00,0.42,0.42,0.00,0.42,Matches
314,Laurent Koscielny\f5efb153,DF,fr France,28,1985,4,2,224,2.5,0,0,0,0,0,0,0,0.00,0.00,0.00,0.00,0.00,Matches
315,Mateo Kovačić\79c0821a,MF,hr Croatia,20,1994,3,1,112,1.2,0,0,0,0,0,0,0,0.00,0.00,0.00,0.00,0.00,Matches
316,Christoph Kramer\496aeede,MF,de Germany,23,1991,3,1,44,0.5,0,0,0,0,0,0,0,0.00,0.00,0.00,0.00,0.00,Matches
317,Toni Kroos\6ce1f46f,MF,de Germany,24,1990,7,7,689,7.7,2,3,2,0,0,0,0,0.26,0.39,0.65,0.26,0.65,Matches
318,Tim Krul\f23f9d20,GK,nl Netherlands,26,1988,1,0,1,0.0,0,0,0,0,0,0,0,0.00,0.00,0.00,0.00,0.00,Matches
319,Dirk Kuyt\cd53ecf4,DFFW,nl Netherlands,33,1980,5,5,508,5.6,0,0,0,0,0,0,0,0.00,0.00,0.00,0.00,0.00,Matches
320,Mehdi Lacen\a3a306f6,MF,dz Algeria,30,1984,3,1,154,1.7,0,0,0,0,0,0,0,0.00,0.00,0.00,0.00,0.00,Matches
321,Philipp Lahm\de491a33,DFMF,de Germany,30,1983,7,7,690,7.7,0,2,0,0,0,1,0,0.00,0.26,0.26,0.00,0.26,Matches
322,Adam Lallana\99813635,FWMF,eng England,26,1988,3,1,92,1.0,0,0,0,0,0,1,0,0.00,0.00,0.00,0.00,0.00,Matches
323,Rickie Lambert\495de82c,FW,eng England,32,1982,1,0,2,0.0,0,0,0,0,0,0,0,0.00,0.00,0.00,0.00,0.00,Matches
324,Frank Lampard\268df6b1,MF,eng England,35,1978,1,1,90,1.0,0,0,0,0,0,0,0,0.00,0.00,0.00,0.00,0.00,Matches
325,Michael Lang\864db10a,DFMF,ch Switzerland,23,1991,1,0,14,0.2,0,0,0,0,0,0,0,0.00,0.00,0.00,0.00,0.00,Matches
326,Adam Larsen Kwarasey\7c6eed78,GK,gh Ghana,26,1987,1,1,90,1.0,0,0,0,0,0,0,0,0.00,0.00,0.00,0.00,0.00,Matches
327,Ezequiel Lavezzi\6d6456d7,FWMF,ar Argentina,29,1985,6,4,354,3.9,0,1,0,0,0,0,0,0.00,0.25,0.25,0.00,0.25,Matches
328,Miguel Layún\ad6295d4,DFMF,mx Mexico,25,1988,4,4,360,4.0,0,0,0,0,0,0,0,0.00,0.00,0.00,0.00,0.00,Matches
329,Mathew Leckie\b93b7882,FWMF,au Australia,23,1991,3,3,270,3.0,0,0,0,0,0,0,0,0.00,0.00,0.00,0.00,0.00,Matches
330,Jeremain Lens\6f1721f0,FWMF,nl Netherlands,26,1987,4,1,129,1.4,0,0,0,0,0,0,0,0.00,0.00,0.00,0.00,0.00,Matches
331,Stephan Lichtsteiner\99b1d0e6,DFMF,ch Switzerland,30,1984,4,4,390,4.3,0,1,0,0,0,0,0,0.00,0.23,0.23,0.00,0.23,Matches
332,Hugo Lloris\8f62b6ee,GK,fr France,27,1986,5,5,450,5.0,0,0,0,0,0,0,0,0.00,0.00,0.00,0.00,0.00,Matches
333,Nicolás Lodeiro\fe81d0d1,MF,uy Uruguay,25,1989,3,2,142,1.6,0,0,0,0,0,0,0,0.00,0.00,0.00,0.00,0.00,Matches
334,Nicolas Lombaerts\65fd5556,DF,be Belgium,29,1985,1,1,90,1.0,0,0,0,0,0,0,0,0.00,0.00,0.00,0.00,0.00,Matches
335,Dejan Lovren\1a2935f6,DF,hr Croatia,24,1989,3,3,270,3.0,0,0,0,0,0,1,0,0.00,0.00,0.00,0.00,0.00,Matches
336,Diego Lugano\303ad7c3,DF,uy Uruguay,33,1980,1,1,90,1.0,0,0,0,0,0,2,0,0.00,0.00,0.00,0.00,0.00,Matches
337,David Luiz\c0e27d1a,DFMF,br Brazil,27,1987,7,7,660,7.3,2,1,2,0,0,0,0,0.27,0.14,0.41,0.27,0.41,Matches
338,Romelu Lukaku\5eae500a,FW,be Belgium,21,1993,4,2,175,1.9,1,0,1,0,0,0,0,0.51,0.00,0.51,0.51,0.51,Matches
339,Senad Lulić\7fd58fe3,DFMF,ba Bosnia and Herzegovina,28,1986,2,2,147,1.6,0,1,0,0,0,0,0,0.00,0.61,0.61,0.00,0.61,Matches
340,Raïs M'Bolhi\c121a641,GK,dz Algeria,28,1986,4,4,390,4.3,0,0,0,0,0,0,0,0.00,0.00,0.00,0.00,0.00,Matches
341,Riyad Mahrez\892d5bb1,FWMF,dz Algeria,23,1991,1,1,70,0.8,0,0,0,0,0,0,0,0.00,0.00,0.00,0.00,0.00,Matches
342,Abdul Majeed Waris\46907171,FWMF,gh Ghana,22,1991,1,1,70,0.8,0,0,0,0,0,1,0,0.00,0.00,0.00,0.00,0.00,Matches
343,Jean Makoun\728c9139,MF,cm Cameroon,31,1983,1,0,10,0.1,0,0,0,0,0,0,0,0.00,0.00,0.00,0.00,0.00,Matches
344,Aïssa Mandi\fbd6378b,DF,dz Algeria,22,1991,3,3,300,3.3,0,0,0,0,0,0,0,0.00,0.00,0.00,0.00,0.00,Matches
345,Mario Mandžukić\afa0d4e0,FWMF,hr Croatia,28,1986,2,2,180,2.0,2,0,2,0,0,0,0,1.00,0.00,1.00,1.00,1.00,Matches
346,Giannis Maniatis\17ba757b,DFMF,gr Greece,27,1986,4,4,347,3.9,0,0,0,0,0,0,0,0.00,0.00,0.00,0.00,0.00,Matches
347,Kostas Manolas\c707411f,DF,gr Greece,23,1991,4,4,390,4.3,0,0,0,0,0,1,0,0.00,0.00,0.00,0.00,0.00,Matches
348,Marcelo\603116a7,DFMF,br Brazil,26,1988,6,6,570,6.3,0,2,0,0,0,0,0,0.00,0.32,0.32,0.00,0.32,Matches
349,Claudio Marchisio\e304acd5,MF,it Italy,28,1986,3,3,216,2.4,1,0,1,0,0,0,1,0.42,0.00,0.42,0.42,0.42,Matches
350,José María Basanta\d6696790,DF,ar Argentina,30,1984,2,1,106,1.2,0,0,0,0,0,0,0,0.00,0.00,0.00,0.00,0.00,Matches
351,José María Giménez\f0da930c,DF,uy Uruguay,19,1995,3,3,270,3.0,0,0,0,0,0,1,0,0.00,0.00,0.00,0.00,0.00,Matches
352,Rafael Márquez\ce067ffe,DFMF,mx Mexico,35,1979,4,4,360,4.0,1,1,1,0,0,2,0,0.25,0.25,0.50,0.25,0.50,Matches
353,Jackson Martínez\89fbacc3,FW,co Colombia,27,1986,3,2,195,2.2,2,0,2,0,0,0,0,0.92,0.00,0.92,0.92,0.92,Matches
354,Javi Martínez\7f97771d,DFMF,es Spain,25,1988,1,1,90,1.0,0,0,0,0,0,0,0,0.00,0.00,0.00,0.00,0.00,Matches
355,Mario Martínez\8fadbe79,MF,hn Honduras,24,1989,1,0,20,0.2,0,0,0,0,0,0,0,0.00,0.00,0.00,0.00,0.00,Matches
356,Bruno Martins Indi\7bc34048,DF,nl Netherlands,22,1992,6,5,456,5.1,0,0,0,0,0,2,0,0.00,0.00,0.00,0.00,0.00,Matches
357,Javier Mascherano\5070881b,DFMF,ar Argentina,30,1984,7,7,720,8.0,0,0,0,0,0,1,0,0.00,0.00,0.00,0.00,0.00,Matches
358,Juan Mata\29733c72,FWMF,es Spain,26,1988,1,0,35,0.4,1,0,1,0,0,0,0,2.57,0.00,2.57,2.57,2.57,Matches
359,Joël Matip\b217ef29,DFMF,cm Cameroon,22,1991,2,2,180,2.0,1,0,1,0,0,0,0,0.50,0.00,0.50,0.50,0.50,Matches
360,Blaise Matuidi\c0cddebe,MF,fr France,27,1987,5,5,426,4.7,1,0,1,0,0,1,0,0.21,0.00,0.21,0.21,0.21,Matches
361,Rio Mavuba\48c16bf5,MF,fr France,30,1984,1,0,26,0.3,0,0,0,0,0,0,0,0.00,0.00,0.00,0.00,0.00,Matches
362,Eric Maxim Choupo-Moting\0e6bc38c,FWMF,cm Cameroon,25,1989,3,3,244,2.7,0,0,0,0,0,0,0,0.00,0.00,0.00,0.00,0.00,Matches
363,Maxwell\6f08cece,DF,br Brazil,32,1981,1,1,90,1.0,0,0,0,0,0,0,0,0.00,0.00,0.00,0.00,0.00,Matches
364,Stéphane Mbia\c39d9657,DFMF,cm Cameroon,28,1986,3,3,270,3.0,0,0,0,0,0,1,0,0.00,0.00,0.00,0.00,0.00,Matches
365,Ryan McGowan\8935480f,DFMF,au Australia,24,1989,3,2,222,2.5,0,1,0,0,0,0,0,0.00,0.41,0.41,0.00,0.41,Matches
366,Matt McKay\044587de,DFMF,au Australia,31,1983,2,2,180,2.0,0,0,0,0,0,0,0,0.00,0.00,0.00,0.00,0.00,Matches
367,Gary Medel\563a68ad,DFMF,cl Chile,26,1987,4,4,377,4.2,0,0,0,0,0,0,0,0.00,0.00,0.00,0.00,0.00,Matches
368,Carl Medjani\70c2f41a,DFMF,dz Algeria,29,1985,3,3,263,2.9,0,1,0,0,0,0,0,0.00,0.34,0.34,0.00,0.34,Matches
369,Haris Medunjanin\de5d5d41,MF,ba Bosnia and Herzegovina,29,1985,2,1,80,0.9,0,0,0,0,0,1,0,0.00,0.00,0.00,0.00,0.00,Matches
370,Admir Mehmedi\b500b384,FWMF,ch Switzerland,23,1991,4,3,337,3.7,1,0,1,0,0,0,0,0.27,0.00,0.27,0.27,0.27,Matches
371,Raul Meireles\e767cd27,MF,pt Portugal,31,1983,2,2,159,1.8,0,0,0,0,0,0,0,0.00,0.00,0.00,0.00,0.00,Matches
372,Alexander Mejía\ab365692,MF,co Colombia,25,1988,4,1,147,1.6,0,0,0,0,0,0,0,0.00,0.00,0.00,0.00,0.00,Matches
373,Eugenio Mena\45ef7845,DFMF,cl Chile,25,1988,4,4,390,4.3,0,0,0,0,0,2,0,0.00,0.00,0.00,0.00,0.00,Matches
374,Édison Méndez\28d57df1,MF,ec Ecuador,35,1979,1,0,9,0.1,0,0,0,0,0,0,0,0.00,0.00,0.00,0.00,0.00,Matches
375,Jonathan Mensah\8087e6cb,DF,gh Ghana,23,1990,3,3,270,3.0,0,0,0,0,0,0,0,0.00,0.00,0.00,0.00,0.00,Matches
376,Dries Mertens\89b2c8a9,FWMF,be Belgium,27,1987,5,3,269,3.0,1,0,1,0,0,0,0,0.33,0.00,0.33,0.33,0.33,Matches
377,Per Mertesacker\5be28712,DF,de Germany,29,1984,6,4,436,4.8,0,0,0,0,0,0,0,0.00,0.00,0.00,0.00,0.00,Matches
378,Djamel Mesbah\72158162,DFMF,dz Algeria,29,1984,2,2,180,2.0,0,0,0,0,0,1,0,0.00,0.00,0.00,0.00,0.00,Matches
379,Lionel Messi\d70ce98e,FWMF,ar Argentina,26,1987,7,7,692,7.7,4,1,4,0,0,0,0,0.52,0.13,0.65,0.52,0.65,Matches
380,José Miguel Cubero\ebe91c17,MF,cr Costa Rica,27,1987,4,0,119,1.3,0,0,0,0,0,1,0,0.00,0.00,0.00,0.00,0.00,Matches
381,Roy Miller\5fa7d43f,DF,cr Costa Rica,29,1984,1,1,90,1.0,0,0,0,0,0,0,0,0.00,0.00,0.00,0.00,0.00,Matches
382,Mark Milligan\34972862,DFMF,au Australia,28,1985,1,1,90,1.0,0,0,0,0,0,1,0,0.00,0.00,0.00,0.00,0.00,Matches
383,James Milner\2f90f6b8,DFMF,eng England,28,1986,1,1,75,0.8,0,0,0,0,0,0,0,0.00,0.00,0.00,0.00,0.00,Matches
384,Oswaldo Minda\1f84526e,MF,ec Ecuador,30,1983,2,2,172,1.9,0,0,0,0,0,0,0,0.00,0.00,0.00,0.00,0.00,Matches
385,Kevin Mirallas\aa51343f,FWMF,be Belgium,26,1987,4,2,222,2.5,0,0,0,0,0,0,0,0.00,0.00,0.00,0.00,0.00,Matches
386,Zvjezdan Misimović\0b51984b,MF,ba Bosnia and Herzegovina,32,1982,2,2,163,1.8,0,0,0,0,0,0,0,0.00,0.00,0.00,0.00,0.00,Matches
387,Kostas Mitroglou\c6ac6579,FW,gr Greece,26,1988,3,1,124,1.4,0,0,0,0,0,0,0,0.00,0.00,0.00,0.00,0.00,Matches
388,Luka Modrić\6025fab1,MF,hr Croatia,28,1985,3,3,270,3.0,0,0,0,0,0,0,0,0.00,0.00,0.00,0.00,0.00,Matches
389,Faryd Mondragón\cbd99275,GK,co Colombia,42,1971,1,0,6,0.1,0,0,0,0,0,0,0,0.00,0.00,0.00,0.00,0.00,Matches
390,Pejman Montazeri\0f5702ad,DFMF,ir Iran,30,1983,3,3,270,3.0,0,0,0,0,0,0,0,0.00,0.00,0.00,0.00,0.00,Matches
391,Jefferson Montero\fa6561bf,FWMF,ec Ecuador,24,1989,3,3,226,2.5,0,0,0,0,0,1,0,0.00,0.00,0.00,0.00,0.00,Matches
392,Héctor Moreno\5d311e8d,DF,mx Mexico,26,1988,4,4,315,3.5,0,0,0,0,0,1,0,0.00,0.00,0.00,0.00,0.00,Matches
393,Masato Morishige\5f58895f,DFMF,jp Japan,27,1987,1,1,90,1.0,0,0,0,0,0,1,0,0.00,0.00,0.00,0.00,0.00,Matches
394,Victor Moses\e726e11e,DFFW,ng Nigeria,23,1990,2,2,139,1.5,0,0,0,0,0,0,0,0.00,0.00,0.00,0.00,0.00,Matches
395,Mehdi Mostefa\b2a138bc,DFMF,dz Algeria,30,1983,2,2,210,2.3,0,0,0,0,0,0,0,0.00,0.00,0.00,0.00,0.00,Matches
396,Thiago Motta\57ef0d97,MF,it Italy,31,1982,3,1,95,1.1,0,0,0,0,0,0,0,0.00,0.00,0.00,0.00,0.00,Matches
397,Benjamin Moukandjo\e0312377,FWMF,cm Cameroon,25,1988,3,3,237,2.6,0,0,0,0,0,0,0,0.00,0.00,0.00,0.00,0.00,Matches
398,João Moutinho\f5a00fa4,MF,pt Portugal,27,1986,3,3,270,3.0,0,0,0,0,0,1,0,0.00,0.00,0.00,0.00,0.00,Matches
399,Mensur Mujdža\1ebfbf66,DFMF,ba Bosnia and Herzegovina,30,1984,2,2,158,1.8,0,0,0,0,0,0,0,0.00,0.00,0.00,0.00,0.00,Matches
400,Thomas Müller\3c6089ab,FWMF,de Germany,24,1989,7,7,681,7.6,5,3,4,1,1,0,0,0.66,0.40,1.06,0.53,0.93,Matches
401,Sulley Muntari\e185aa52,MF,gh Ghana,29,1984,2,2,180,2.0,0,1,0,0,0,2,0,0.00,0.50,0.50,0.00,0.50,Matches
402,Ahmed Musa\b7084daf,FWMF,ng Nigeria,21,1992,4,4,334,3.7,2,0,2,0,0,0,0,0.54,0.00,0.54,0.54,0.54,Matches
403,Fernando Muslera\a2abe631,GK,uy Uruguay,27,1986,4,4,360,4.0,0,0,0,0,0,1,0,0.00,0.00,0.00,0.00,0.00,Matches
404,Shkodran Mustafi\3f2d59fe,DF,de Germany,22,1992,3,1,132,1.5,0,0,0,0,0,0,0,0.00,0.00,0.00,0.00,0.00,Matches
405,David Myrie\798c050d,DF,cr Costa Rica,26,1988,1,0,42,0.5,0,0,0,0,0,0,0,0.00,0.00,0.00,0.00,0.00,Matches
406,Landry N'Guémo\84d036fd,DFMF,cm Cameroon,28,1985,1,1,90,1.0,0,0,0,0,0,0,0,0.00,0.00,0.00,0.00,0.00,Matches
407,Yuto Nagatomo\4b6960d2,DF,jp Japan,27,1986,3,3,270,3.0,0,1,0,0,0,0,0,0.00,0.33,0.33,0.00,0.33,Matches
408,Andy Najar\f8280175,DFMF,hn Honduras,21,1993,2,1,71,0.8,0,0,0,0,0,0,0,0.00,0.00,0.00,0.00,0.00,Matches
409,Nani\15e9c7e6,FWMF,pt Portugal,27,1986,3,3,270,3.0,1,0,1,0,0,0,0,0.33,0.00,0.33,0.33,0.33,Matches
410,Keylor Navas\ecada4fc,GK,cr Costa Rica,27,1986,5,5,510,5.7,0,0,0,0,0,1,0,0.00,0.00,0.00,0.00,0.00,Matches
411,Javad Nekounam\baccd726,MF,ir Iran,33,1980,3,3,270,3.0,0,1,0,0,0,1,0,0.00,0.33,0.33,0.00,0.33,Matches
412,Manuel Neuer\8778c910,GK,de Germany,28,1986,7,7,690,7.7,0,0,0,0,0,0,0,0.00,0.00,0.00,0.00,0.00,Matches
413,Neymar\69384e5d,FWMF,br Brazil,22,1992,5,5,454,5.0,4,1,3,1,1,1,0,0.79,0.20,0.99,0.59,0.79,Matches
414,Nicolas Nkoulou\93cf32a8,DF,cm Cameroon,24,1990,3,3,270,3.0,0,0,0,0,0,0,0,0.00,0.00,0.00,0.00,0.00,Matches
415,Christian Noboa\9d1e8e76,MF,ec Ecuador,29,1985,3,3,269,3.0,0,0,0,0,0,0,0,0.00,0.00,0.00,0.00,0.00,Matches
416,Dany Nounkeu\819a94a2,DF,cm Cameroon,28,1986,2,0,90,1.0,0,0,0,0,0,1,0,0.00,0.00,0.00,0.00,0.00,Matches
417,Uche Nwofor\920ffd96,FW,ng Nigeria,22,1991,2,0,13,0.1,0,0,0,0,0,0,0,0.00,0.00,0.00,0.00,0.00,Matches
418,Allan Nyom\97572117,DFMF,cm Cameroon,26,1988,1,1,90,1.0,0,1,0,0,0,0,0,0.00,1.00,1.00,0.00,1.00,Matches
419,Tommy Oar\334e61b3,FWMF,au Australia,22,1991,3,3,203,2.3,0,0,0,0,0,0,0,0.00,0.00,0.00,0.00,0.00,Matches
420,John Obi Mikel\424d5f72,MF,ng Nigeria,27,1987,4,4,360,4.0,0,0,0,0,0,1,0,0.00,0.00,0.00,0.00,0.00,Matches
421,Godfrey Oboabona\35cc25b4,DF,ng Nigeria,23,1990,1,1,28,0.3,0,0,0,0,0,0,0,0.00,0.00,0.00,0.00,0.00,Matches
422,Guillermo Ochoa\1e9bde92,GK,mx Mexico,28,1985,4,4,360,4.0,0,0,0,0,0,0,0,0.00,0.00,0.00,0.00,0.00,Matches
423,Peter Odemwingie\b16150ac,FW,ng Nigeria,32,1981,4,3,281,3.1,1,0,1,0,0,0,0,0.32,0.00,0.32,0.32,0.32,Matches
424,Shinji Okazaki\68796d61,FWMF,jp Japan,28,1986,3,3,248,2.8,1,0,1,0,0,0,0,0.36,0.00,0.36,0.36,0.36,Matches
425,Yoshito Ōkubo\930074bb,FWMF,jp Japan,32,1982,3,2,204,2.3,0,0,0,0,0,0,0,0.00,0.00,0.00,0.00,0.00,Matches
426,Ivica Olić\1bb54bef,FW,hr Croatia,34,1979,3,3,226,2.5,1,0,1,0,0,0,0,0.40,0.00,0.40,0.40,0.40,Matches
427,Kenneth Omeruo\0f0aa5b4,DF,ng Nigeria,20,1993,4,4,360,4.0,0,0,0,0,0,1,0,0.00,0.00,0.00,0.00,0.00,Matches
428,Ogenyi Onazi\17310a6c,MF,ng Nigeria,21,1992,4,4,328,3.6,0,0,0,0,0,0,0,0.00,0.00,0.00,0.00,0.00,Matches
429,Daniel Opare\49d53c68,DF,gh Ghana,23,1990,1,1,90,1.0,0,0,0,0,0,0,0,0.00,0.00,0.00,0.00,0.00,Matches
430,Divock Origi\43a166b4,FWMF,be Belgium,19,1995,5,2,246,2.7,1,0,1,0,0,0,0,0.37,0.00,0.37,0.37,0.37,Matches
431,Yuya Osako\f69fba57,FWMF,jp Japan,24,1990,2,2,122,1.4,0,0,0,0,0,0,0,0.00,0.00,0.00,0.00,0.00,Matches
432,Oscar\57fe98dd,MF,br Brazil,22,1991,7,7,638,7.1,2,2,2,0,0,1,0,0.28,0.28,0.56,0.28,0.56,Matches
433,Juwon Oshaniwa\2c11a096,DF,ng Nigeria,23,1990,4,4,360,4.0,0,0,0,0,0,1,0,0.00,0.00,0.00,0.00,0.00,Matches
434,David Ospina\82b1198a,GK,co Colombia,25,1988,5,5,444,4.9,0,0,0,0,0,0,0,0.00,0.00,0.00,0.00,0.00,Matches
435,Mesut Özil\16380240,MF,de Germany,25,1988,7,7,651,7.2,1,1,1,0,0,0,0,0.14,0.14,0.28,0.14,0.28,Matches
436,Rodrigo Palacio\8d8178ac,FW,ar Argentina,32,1982,5,0,164,1.8,0,0,0,0,0,0,0,0.00,0.00,0.00,0.00,0.00,Matches
437,Jerry Palacios\24cc7b5f,FW,hn Honduras,32,1982,1,0,51,0.6,0,0,0,0,0,1,0,0.00,0.00,0.00,0.00,0.00,Matches
438,Wilson Palacios\58df81fc,MF,hn Honduras,29,1984,2,2,132,1.5,0,0,0,0,0,2,1,0.00,0.00,0.00,0.00,0.00,Matches
439,Gabriel Paletta\cc3477f4,DF,it Italy,28,1986,1,1,90,1.0,0,0,0,0,0,0,0,0.00,0.00,0.00,0.00,0.00,Matches
440,Sokratis Papastathopoulos\b682dcf6,DF,gr Greece,26,1988,4,4,390,4.3,1,0,1,0,0,1,0,0.23,0.00,0.23,0.23,0.23,Matches
441,Marco Parolo\ed5886d2,MF,it Italy,29,1985,2,0,57,0.6,0,0,0,0,0,0,0,0.00,0.00,0.00,0.00,0.00,Matches
442,Rui Patrício\79b0d6a0,GK,pt Portugal,26,1988,1,1,90,1.0,0,0,0,0,0,0,0,0.00,0.00,0.00,0.00,0.00,Matches
443,Paulinho\bb7337cc,MF,br Brazil,25,1988,6,5,383,4.3,0,0,0,0,0,0,0,0.00,0.00,0.00,0.00,0.00,Matches
444,Pedro\3ca7254a,FWMF,es Spain,26,1987,2,1,103,1.1,0,0,0,0,0,0,0,0.00,0.00,0.00,0.00,0.00,Matches
445,Carlos Peña\f7381739,MF,mx Mexico,24,1990,1,0,12,0.1,0,0,0,0,0,0,0,0.00,0.00,0.00,0.00,0.00,Matches
446,Pepe\c906ce0f,DFMF,pt Portugal,31,1983,2,2,126,1.4,0,0,0,0,0,0,1,0.00,0.00,0.00,0.00,0.00,Matches
447,Oribe Peralta\5e6758f3,FW,mx Mexico,30,1984,4,4,298,3.3,1,1,1,0,0,0,0,0.30,0.30,0.60,0.30,0.60,Matches
448,Álvaro Pereira\1b0aaf11,DFMF,uy Uruguay,28,1985,3,3,204,2.3,0,0,0,0,0,0,0,0.00,0.00,0.00,0.00,0.00,Matches
449,João Pereira\aefd0c5b,DFMF,pt Portugal,30,1984,3,3,240,2.7,0,0,0,0,0,1,0,0.00,0.00,0.00,0.00,0.00,Matches
450,Maxi Pereira\6e592fa4,DF,uy Uruguay,30,1984,3,2,224,2.5,0,0,0,0,0,0,1,0.00,0.00,0.00,0.00,0.00,Matches
451,Enzo Pérez\6d27cfc2,MF,ar Argentina,28,1986,3,2,218,2.4,0,0,0,0,0,0,0,0.00,0.00,0.00,0.00,0.00,Matches
452,Ivan Perišić\6fe90922,DFFW,hr Croatia,25,1989,3,3,257,2.9,2,1,2,0,0,0,0,0.70,0.35,1.05,0.70,1.05,Matches
453,Robin van Persie\3fcab3a8,FW,nl Netherlands,30,1983,6,6,544,6.0,4,0,3,1,1,2,0,0.66,0.00,0.66,0.50,0.50,Matches
454,Mauricio Pinilla\33bd231e,FW,cl Chile,30,1984,3,0,47,0.5,0,0,0,0,0,1,0,0.00,0.00,0.00,0.00,0.00,Matches
455,Gerard Piqué\adfc9123,DF,es Spain,27,1987,1,1,90,1.0,0,0,0,0,0,0,0,0.00,0.00,0.00,0.00,0.00,Matches
456,Andrea Pirlo\71c5f16f,MF,it Italy,35,1979,3,3,270,3.0,0,0,0,0,0,0,0,0.00,0.00,0.00,0.00,0.00,Matches
457,Miralem Pjanić\ad6df2d5,MF,ba Bosnia and Herzegovina,24,1990,3,3,270,3.0,1,0,1,0,0,0,0,0.33,0.00,0.33,0.33,0.33,Matches
458,Stipe Pletikosa\38a1b57c,GK,hr Croatia,35,1979,3,3,270,3.0,0,0,0,0,0,0,0,0.00,0.00,0.00,0.00,0.00,Matches
459,Lukas Podolski\88f0a9a0,FWMF,de Germany,29,1985,2,1,54,0.6,0,0,0,0,0,0,0,0.00,0.00,0.00,0.00,0.00,Matches
460,Paul Pogba\867239d3,MF,fr France,21,1993,5,4,354,3.9,1,1,1,0,0,1,0,0.25,0.25,0.51,0.25,0.51,Matches
461,Mehrdad Pooladi\0006a865,DFMF,ir Iran,27,1987,3,3,270,3.0,0,0,0,0,0,0,0,0.00,0.00,0.00,0.00,0.00,Matches
462,Hélder Postiga\c8504093,FW,pt Portugal,31,1982,1,1,15,0.2,0,0,0,0,0,0,0,0.00,0.00,0.00,0.00,0.00,Matches
463,Danijel Pranjić\38929ff9,DFMF,hr Croatia,32,1981,2,2,163,1.8,0,1,0,0,0,0,0,0.00,0.55,0.55,0.00,0.55,Matches
464,Juan Quintero\540d0b37,MF,co Colombia,21,1993,3,1,94,1.0,1,0,1,0,0,0,0,0.96,0.00,0.96,0.96,0.96,Matches
465,Mohammed Rabiu\f4a9eb92,MF,gh Ghana,24,1989,3,3,222,2.5,0,0,0,0,0,1,0,0.00,0.00,0.00,0.00,0.00,Matches
466,Ivan Rakitić\89f951b5,MF,hr Croatia,26,1988,3,3,270,3.0,0,1,0,0,0,1,0,0.00,0.33,0.33,0.00,0.33,Matches
467,Ramires\4cce2c67,MF,br Brazil,27,1987,7,2,250,2.8,0,1,0,0,0,1,0,0.00,0.36,0.36,0.00,0.36,Matches
468,Gastón Ramírez\2c851997,FWMF,uy Uruguay,23,1990,2,0,51,0.6,0,1,0,0,0,0,0,0.00,1.76,1.76,0.00,1.76,Matches
469,Adrián Ramos\c693cf7c,FW,co Colombia,28,1986,3,1,141,1.6,0,1,0,0,0,0,0,0.00,0.64,0.64,0.00,0.64,Matches
470,Sergio Ramos\08511d65,DF,es Spain,28,1986,3,3,270,3.0,0,0,0,0,0,1,0,0.00,0.00,0.00,0.00,0.00,Matches
471,Ante Rebić\536cebe5,FWMF,hr Croatia,20,1993,3,0,46,0.5,0,0,0,0,0,0,1,0.00,0.00,0.00,0.00,0.00,Matches
472,Pepe Reina\e358587b,GK,es Spain,31,1982,1,1,90,1.0,0,0,0,0,0,0,0,0.00,0.00,0.00,0.00,0.00,Matches
473,Loïc Rémy\5c2da10f,FW,fr France,27,1987,2,0,30,0.3,0,0,0,0,0,0,0,0.00,0.00,0.00,0.00,0.00,Matches
474,Diego Reyes\d4f46475,DFMF,mx Mexico,21,1992,1,0,45,0.5,0,0,0,0,0,0,0,0.00,0.00,0.00,0.00,0.00,Matches
475,Arjen Robben\09586899,FWMF,nl Netherlands,30,1984,7,7,690,7.7,3,1,3,0,0,1,0,0.39,0.13,0.52,0.39,0.52,Matches
476,Cristian Rodríguez\dcd67568,MF,uy Uruguay,28,1985,4,4,332,3.7,0,0,0,0,0,0,0,0.00,0.00,0.00,0.00,0.00,Matches
477,James Rodríguez\715bf047,FWMF,co Colombia,22,1991,5,4,399,4.4,6,2,5,1,1,1,0,1.35,0.45,1.80,1.13,1.58,Matches
478,Maxi Rodríguez\4f06b1e0,FWMF,ar Argentina,33,1981,2,1,66,0.7,0,0,0,0,0,0,0,0.00,0.00,0.00,0.00,0.00,Matches
479,Ricardo Rodríguez\7f78ad23,DFMF,ch Switzerland,21,1992,4,4,390,4.3,0,2,0,0,0,0,0,0.00,0.46,0.46,0.00,0.46,Matches
480,Joao Rojas\77e9a4e7,FWMF,ec Ecuador,25,1989,1,0,15,0.2,0,0,0,0,0,0,0,0.00,0.00,0.00,0.00,0.00,Matches
481,José Rojas\0e8369e1,DF,cl Chile,30,1983,1,0,13,0.1,0,0,0,0,0,0,0,0.00,0.00,0.00,0.00,0.00,Matches
482,Marcos Rojo\e0991c04,DF,ar Argentina,24,1990,6,6,614,6.8,1,0,1,0,0,2,0,0.15,0.00,0.15,0.15,0.15,Matches
483,Sergio Romero\1e26e376,GK,ar Argentina,27,1987,7,7,720,8.0,0,0,0,0,0,0,0,0.00,0.00,0.00,0.00,0.00,Matches
484,Cristiano Ronaldo\dea698d9,FWMF,pt Portugal,29,1985,3,3,270,3.0,1,1,1,0,0,0,0,0.33,0.33,0.67,0.33,0.67,Matches
485,Wayne Rooney\f07be45a,FWMF,eng England,28,1985,3,2,195,2.2,1,1,1,0,0,0,0,0.46,0.46,0.92,0.46,0.92,Matches
486,Bryan Ruiz\fa6292e2,FWMF,cr Costa Rica,28,1985,5,5,492,5.5,2,0,2,0,0,1,0,0.37,0.00,0.37,0.37,0.37,Matches
487,Mathew Ryan\4535e4bb,GK,au Australia,22,1992,3,3,270,3.0,0,0,0,0,0,0,0,0.00,0.00,0.00,0.00,0.00,Matches
488,Bacary Sagna\6ef56efd,DF,fr France,31,1983,1,1,90,1.0,0,0,0,0,0,0,0,0.00,0.00,0.00,0.00,0.00,Matches
489,Mamadou Sakho\87935cf3,DF,fr France,24,1990,4,4,286,3.2,0,0,0,0,0,0,0,0.00,0.00,0.00,0.00,0.00,Matches
490,Carlos Salcido\190bc058,DFMF,mx Mexico,34,1980,2,1,91,1.0,0,0,0,0,0,0,0,0.00,0.00,0.00,0.00,0.00,Matches
491,Sejad Salihović\a4e14205,DFMF,ba Bosnia and Herzegovina,29,1984,2,0,45,0.5,0,0,0,0,0,0,0,0.00,0.00,0.00,0.00,0.00,Matches
492,Edgar Salli\41d1fbc6,FWMF,cm Cameroon,21,1992,2,0,49,0.5,0,0,0,0,0,1,0,0.00,0.00,0.00,0.00,0.00,Matches
493,Dimitris Salpingidis\c55257e3,FWMF,gr Greece,32,1981,4,3,224,2.5,0,0,0,0,0,1,0,0.00,0.00,0.00,0.00,0.00,Matches
494,Georgios Samaras\1b77cb6a,FWMF,gr Greece,29,1985,4,4,390,4.3,1,1,0,1,1,1,0,0.23,0.23,0.46,0.00,0.23,Matches
495,Andreas Samaris\5af687a1,MF,gr Greece,25,1989,2,1,136,1.5,1,0,1,0,0,1,0,0.66,0.00,0.66,0.66,0.66,Matches
496,Aleksandr Samedov\44c3d1d2,MF,ru Russia,29,1984,3,3,269,3.0,0,0,0,0,0,0,0,0.00,0.00,0.00,0.00,0.00,Matches
497,Sammir\4ba410e6,FWMF,hr Croatia,27,1987,1,1,71,0.8,0,0,0,0,0,0,0,0.00,0.00,0.00,0.00,0.00,Matches
498,Alexis Sánchez\2c0f8e9e,FWMF,cl Chile,25,1988,4,4,390,4.3,2,1,2,0,0,0,0,0.46,0.23,0.69,0.46,0.69,Matches
499,Carlos Sánchez\50b51fac,MF,co Colombia,28,1986,4,4,360,4.0,0,0,0,0,0,1,0,0.00,0.00,0.00,0.00,0.00,Matches
500,Fabian Schär\c8aa95da,DF,ch Switzerland,22,1991,2,2,210,2.3,0,0,0,0,0,0,0,0.00,0.00,0.00,0.00,0.00,Matches
501,Morgan Schneiderlin\51b41c5c,MF,fr France,24,1989,1,1,90,1.0,0,0,0,0,0,0,0,0.00,0.00,0.00,0.00,0.00,Matches
502,André Schürrle\ecbb3fdf,FWMF,de Germany,23,1990,6,0,249,2.8,3,1,3,0,0,0,0,1.08,0.36,1.45,1.08,1.45,Matches
503,Bastian Schweinsteiger\ccc22fea,DFMF,de Germany,29,1984,6,5,505,5.6,0,0,0,0,0,2,0,0.00,0.00,0.00,0.00,0.00,Matches
504,Haris Seferović\a45eac1f,FW,ch Switzerland,22,1992,4,1,141,1.6,1,0,1,0,0,0,0,0.64,0.00,0.64,0.64,0.64,Matches
505,Philippe Senderos\b1d82fc2,DF,ch Switzerland,29,1985,1,0,82,0.9,0,0,0,0,0,0,0,0.00,0.00,0.00,0.00,0.00,Matches
506,Hwang Seok-ho\5b66c012,DF,kr Korea Republic,24,1989,1,0,19,0.2,0,0,0,0,0,0,0,0.00,0.00,0.00,0.00,0.00,Matches
507,Kim Seung-gyu\eabaafa6,GK,kr Korea Republic,23,1990,1,1,90,1.0,0,0,0,0,0,0,0,0.00,0.00,0.00,0.00,0.00,Matches
508,Xherdan Shaqiri\6421ec64,FWMF,ch Switzerland,22,1991,4,4,386,4.3,3,0,3,0,0,0,0,0.70,0.00,0.70,0.70,0.70,Matches
509,Oleg Shatov\8ce063f9,FWMF,ru Russia,23,1990,3,3,206,2.3,0,0,0,0,0,1,0,0.00,0.00,0.00,0.00,0.00,Matches
510,Luke Shaw\9c94165b,DFMF,eng England,18,1995,1,1,90,1.0,0,0,0,0,0,0,0,0.00,0.00,0.00,0.00,0.00,Matches
511,Kim Shin-wook\a28c86c0,FW,kr Korea Republic,26,1988,2,1,99,1.1,0,0,0,0,0,0,0,0.00,0.00,0.00,0.00,0.00,Matches
512,Masoud Shojaei\a898d91e,MF,ir Iran,30,1984,3,2,122,1.4,0,0,0,0,0,1,0,0.00,0.00,0.00,0.00,0.00,Matches
513,David Silva\e2716bd0,FWMF,es Spain,28,1986,3,2,175,1.9,0,0,0,0,0,0,0,0.00,0.00,0.00,0.00,0.00,Matches
514,Eduardo da Silva\10ba6807,FW,hr Croatia,31,1983,1,0,22,0.2,0,0,0,0,0,1,0,0.00,0.00,0.00,0.00,0.00,Matches
515,Francisco Silva\11d68e60,DFMF,cl Chile,28,1986,3,3,279,3.1,0,0,0,0,0,2,0,0.00,0.00,0.00,0.00,0.00,Matches
516,Thiago Silva\86e7deaf,DF,br Brazil,29,1984,6,6,570,6.3,1,1,1,0,0,3,0,0.16,0.16,0.32,0.16,0.32,Matches
517,Giovanni Sio\0fe7f7bc,FWMF,ci Côte d'Ivoire,25,1989,1,0,8,0.1,0,0,0,0,0,0,0,0.00,0.00,0.00,0.00,0.00,Matches
518,Salvatore Sirigu\10dc46f0,GK,it Italy,27,1987,1,1,90,1.0,0,0,0,0,0,0,0,0.00,0.00,0.00,0.00,0.00,Matches
519,Maicon Sisenando\fbc5d136,DF,br Brazil,32,1981,3,3,270,3.0,0,0,0,0,0,0,0,0.00,0.00,0.00,0.00,0.00,Matches
520,Moussa Sissoko\2acd49b9,MF,fr France,24,1989,4,2,215,2.4,1,0,1,0,0,0,0,0.42,0.00,0.42,0.42,0.42,Matches
521,Islam Slimani\ffec9769,FW,dz Algeria,25,1988,4,3,324,3.6,2,1,2,0,0,0,0,0.56,0.28,0.83,0.56,0.83,Matches
522,Chris Smalling\b6964eb6,DF,eng England,24,1989,1,1,90,1.0,0,0,0,0,0,0,0,0.00,0.00,0.00,0.00,0.00,Matches
523,Wesley Sneijder\ad625c12,MF,nl Netherlands,30,1984,6,6,584,6.5,1,1,1,0,0,0,0,0.15,0.15,0.31,0.15,0.31,Matches
524,Alex Song\1c32281d,DFMF,cm Cameroon,26,1987,2,2,117,1.3,0,0,0,0,0,0,1,0.00,0.00,0.00,0.00,0.00,Matches
525,Hillel Soudani\7a435eb3,FWMF,dz Algeria,26,1987,3,2,165,1.8,0,0,0,0,0,0,0,0.00,0.00,0.00,0.00,0.00,Matches
526,Emir Spahić\009633c8,DF,ba Bosnia and Herzegovina,33,1980,3,3,270,3.0,0,0,0,0,0,1,0,0.00,0.00,0.00,0.00,0.00,Matches
527,Matthew Spiranovic\faa88ff6,DFMF,au Australia,25,1988,3,3,270,3.0,0,0,0,0,0,1,0,0.00,0.00,0.00,0.00,0.00,Matches
528,Darijo Srna\edd6c8e9,DFMF,hr Croatia,32,1982,3,3,270,3.0,0,0,0,0,0,0,0,0.00,0.00,0.00,0.00,0.00,Matches
529,Raheem Sterling\b400bde0,FWMF,eng England,19,1994,3,2,182,2.0,0,0,0,0,0,1,0,0.00,0.00,0.00,0.00,0.00,Matches
530,Valentin Stocker\6b85f966,MF,ch Switzerland,25,1989,1,1,45,0.5,0,0,0,0,0,0,0,0.00,0.00,0.00,0.00,0.00,Matches
531,Cristhian Stuani\220c11f1,FWMF,uy Uruguay,27,1986,4,1,180,2.0,0,0,0,0,0,0,0,0.00,0.00,0.00,0.00,0.00,Matches
532,Daniel Sturridge\1b7ec703,FWMF,eng England,24,1989,3,3,259,2.9,1,0,1,0,0,0,0,0.35,0.00,0.35,0.35,0.35,Matches
533,Luis Suárez\a6154613,FW,uy Uruguay,27,1987,2,2,177,2.0,2,0,2,0,0,0,0,1.02,0.00,1.02,1.02,1.02,Matches
534,Yun Suk-young\121612e7,DFMF,kr Korea Republic,24,1990,3,3,270,3.0,0,0,0,0,0,0,0,0.00,0.00,0.00,0.00,0.00,Matches
535,Jung Sung-ryong\68362e1c,GK,kr Korea Republic,29,1985,2,2,180,2.0,0,0,0,0,0,0,0,0.00,0.00,0.00,0.00,0.00,Matches
536,Ki Sung-yueng\1d8c99b0,MF,kr Korea Republic,25,1989,3,3,270,3.0,0,1,0,0,0,1,0,0.00,0.33,0.33,0.00,0.33,Matches
537,Toni Šunjić\a79c321f,DF,ba Bosnia and Herzegovina,25,1988,2,2,180,2.0,0,1,0,0,0,0,0,0.00,0.50,0.50,0.00,0.50,Matches
538,Tino-Sven Sušić\488350bf,MF,ba Bosnia and Herzegovina,22,1992,2,1,105,1.2,0,0,0,0,0,0,0,0.00,0.00,0.00,0.00,0.00,Matches
539,Adam Taggart\2c7d02e5,FW,au Australia,21,1993,2,1,59,0.7,0,0,0,0,0,0,0,0.00,0.00,0.00,0.00,0.00,Matches
540,Saphir Taïder\a12d0c05,MF,dz Algeria,22,1992,2,2,167,1.9,0,0,0,0,0,0,0,0.00,0.00,0.00,0.00,0.00,Matches
541,Yeltsin Tejeda\74319b04,MF,cr Costa Rica,22,1992,5,5,391,4.3,0,0,0,0,0,1,0,0.00,0.00,0.00,0.00,0.00,Matches
542,Andranik Teymourian\dec2c4e1,MF,ir Iran,31,1983,3,3,270,3.0,0,0,0,0,0,1,0,0.00,0.00,0.00,0.00,0.00,Matches
543,Cheick Tioté\e1270968,MF,ci Côte d'Ivoire,27,1986,3,3,240,2.7,0,0,0,0,0,1,0,0.00,0.00,0.00,0.00,0.00,Matches
544,Vasilis Torosidis\8ea2c099,DFMF,gr Greece,29,1985,4,4,390,4.3,0,0,0,0,0,1,0,0.00,0.00,0.00,0.00,0.00,Matches
545,Fernando Torres\bdf7b97d,FW,es Spain,30,1984,3,1,145,1.6,1,0,1,0,0,0,0,0.62,0.00,0.62,0.62,0.62,Matches
546,Kolo Touré\3301c9f4,DF,ci Côte d'Ivoire,33,1981,1,1,90,1.0,0,0,0,0,0,0,0,0.00,0.00,0.00,0.00,0.00,Matches
547,Yaya Touré\c204f844,MF,ci Côte d'Ivoire,31,1983,3,3,270,3.0,0,0,0,0,0,0,0,0.00,0.00,0.00,0.00,0.00,Matches
548,James Troisi\3b4706ab,FWMF,au Australia,25,1988,2,0,43,0.5,0,0,0,0,0,0,0,0.00,0.00,0.00,0.00,0.00,Matches
549,Michael Uchebo\fab62497,FW,ng Nigeria,,1900,1,0,25,0.3,0,0,0,0,0,0,0,0.00,0.00,0.00,0.00,0.00,Matches
550,Atsuto Uchida\7c81e887,DF,jp Japan,26,1988,3,3,270,3.0,0,0,0,0,0,0,0,0.00,0.00,0.00,0.00,0.00,Matches
551,Michael Umaña\bd08a77d,DF,cr Costa Rica,31,1982,4,4,420,4.7,0,0,0,0,0,1,0,0.00,0.00,0.00,0.00,0.00,Matches
552,Marco Ureña\823e3479,FW,cr Costa Rica,24,1990,4,0,106,1.2,1,0,1,0,0,0,0,0.85,0.00,0.85,0.85,0.85,Matches
553,Ejike Uzoenyi\047d9cc1,FWMF,ng Nigeria,26,1988,1,0,16,0.2,0,0,0,0,0,0,0,0.00,0.00,0.00,0.00,0.00,Matches
554,Mathieu Valbuena\7a4cea18,FWMF,fr France,29,1984,4,4,331,3.7,1,1,1,0,0,0,0,0.27,0.27,0.54,0.27,0.54,Matches
555,Carlos Valdés\9beb653a,DF,co Colombia,29,1985,1,1,90,1.0,0,0,0,0,0,0,0,0.00,0.00,0.00,0.00,0.00,Matches
556,Jorge Valdivia\11f1e522,MF,cl Chile,30,1983,3,1,94,1.0,1,0,1,0,0,0,0,0.96,0.00,0.96,0.96,0.96,Matches
557,Antonio Valencia\08aa17d0,DFMF,ec Ecuador,28,1985,3,3,229,2.5,0,0,0,0,0,1,1,0.00,0.00,0.00,0.00,0.00,Matches
558,Enner Valencia\fb485406,FWMF,ec Ecuador,24,1989,3,3,270,3.0,3,0,3,0,0,1,0,1.00,0.00,1.00,1.00,1.00,Matches
559,Noel Valladares\af5aa006,GK,hn Honduras,37,1977,3,3,270,3.0,0,0,0,0,0,0,0,0.00,0.00,0.00,0.00,0.00,Matches
560,Daniel Van Buyten\18a7d190,DF,be Belgium,36,1978,5,5,480,5.3,0,0,0,0,0,0,0,0.00,0.00,0.00,0.00,0.00,Matches
561,Anthony Vanden Borre\6d31e0c1,DFMF,be Belgium,26,1987,1,1,90,1.0,0,0,0,0,0,0,0,0.00,0.00,0.00,0.00,0.00,Matches
562,Raphaël Varane\9f8e9423,DFMF,fr France,21,1993,5,4,390,4.3,0,0,0,0,0,0,0,0.00,0.00,0.00,0.00,0.00,Matches
563,Silvestre Varela\9dffef9e,FWMF,pt Portugal,29,1985,2,0,51,0.6,1,0,1,0,0,0,0,1.76,0.00,1.76,1.76,1.76,Matches
564,Eduardo Vargas\bd603c00,FWMF,cl Chile,24,1989,4,4,307,3.4,1,1,1,0,0,0,0,0.29,0.29,0.59,0.29,0.59,Matches
565,Miguel Veloso\ab1ca213,MF,pt Portugal,28,1986,3,3,225,2.5,0,0,0,0,0,0,0,0.00,0.00,0.00,0.00,0.00,Matches
566,Joël Veltman\dad4b285,DF,nl Netherlands,22,1992,2,0,15,0.2,0,0,0,0,0,0,0,0.00,0.00,0.00,0.00,0.00,Matches
567,Paul Verhaegh\97655ccd,DF,nl Netherlands,30,1983,1,1,55,0.6,0,0,0,0,0,0,0,0.00,0.00,0.00,0.00,0.00,Matches
568,Thomas Vermaelen\d0d79694,DF,be Belgium,28,1985,1,1,30,0.3,0,0,0,0,0,0,0,0.00,0.00,0.00,0.00,0.00,Matches
569,Marco Verratti\1467af0d,MF,it Italy,21,1992,2,2,130,1.4,0,1,0,0,0,0,0,0.00,0.69,0.69,0.00,0.69,Matches
570,Jan Vertonghen\ba23a904,DF,be Belgium,27,1987,5,4,450,5.0,1,0,1,0,0,1,0,0.20,0.00,0.20,0.20,0.20,Matches
571,Arturo Vidal\67cdbc0e,MF,cl Chile,27,1987,3,3,232,2.6,0,0,0,0,0,1,0,0.00,0.00,0.00,0.00,0.00,Matches
572,Vieirinha\779fe525,DFFW,pt Portugal,28,1986,1,0,22,0.2,0,0,0,0,0,0,0,0.00,0.00,0.00,0.00,0.00,Matches
573,David Villa\ade08a67,FWMF,es Spain,32,1981,1,1,55,0.6,1,0,1,0,0,0,0,1.64,0.00,1.64,1.64,1.64,Matches
574,Edin Višća\da1185fc,DFFW,ba Bosnia and Herzegovina,24,1990,2,0,27,0.3,0,0,0,0,0,0,0,0.00,0.00,0.00,0.00,0.00,Matches
575,Ron Vlaar\366f6f12,DF,nl Netherlands,29,1985,7,7,690,7.7,0,0,0,0,0,0,0,0.00,0.00,0.00,0.00,0.00,Matches
576,Michel Vorm\1bebde9d,GK,nl Netherlands,30,1983,1,0,1,0.0,0,0,0,0,0,0,0,0.00,0.00,0.00,0.00,0.00,Matches
577,Ognjen Vranješ\b8ae831b,DF,ba Bosnia and Herzegovina,24,1989,1,0,30,0.3,0,0,0,0,0,0,0,0.00,0.00,0.00,0.00,0.00,Matches
578,Stefan de Vrij\d0d8dd44,DF,nl Netherlands,22,1992,7,7,676,7.5,1,0,1,0,0,1,0,0.13,0.00,0.13,0.13,0.13,Matches
579,Avdija Vršajević\90104ffb,DFMF,ba Bosnia and Herzegovina,28,1986,1,1,90,1.0,1,0,1,0,0,0,0,1.00,0.00,1.00,1.00,1.00,Matches
580,Šime Vrsaljko\46a8347f,DFMF,hr Croatia,22,1992,2,2,147,1.6,0,0,0,0,0,0,0,0.00,0.00,0.00,0.00,0.00,Matches
581,Wakaso\999908af,MF,gh Ghana,23,1990,2,0,28,0.3,0,0,0,0,0,0,0,0.00,0.00,0.00,0.00,0.00,Matches
582,Pierre Webó\3d6f05ea,FW,cm Cameroon,32,1982,3,0,52,0.6,0,0,0,0,0,0,0,0.00,0.00,0.00,0.00,0.00,Matches
583,Danny Welbeck\ce5143da,FWMF,eng England,23,1990,2,2,130,1.4,0,0,0,0,0,0,0,0.00,0.00,0.00,0.00,0.00,Matches
584,Georginio Wijnaldum\eb58eef0,MF,nl Netherlands,23,1990,7,5,552,6.1,1,0,1,0,0,0,0,0.16,0.00,0.16,0.16,0.16,Matches
585,Alex Wilkinson\5d92749e,DF,au Australia,29,1984,3,3,270,3.0,0,0,0,0,0,0,0,0.00,0.00,0.00,0.00,0.00,Matches
586,Willian\8b9ebd03,FWMF,br Brazil,25,1988,5,1,153,1.7,0,0,0,0,0,0,0,0.00,0.00,0.00,0.00,0.00,Matches
587,Jack Wilshere\9c318325,MF,eng England,22,1992,2,1,90,1.0,0,0,0,0,0,0,0,0.00,0.00,0.00,0.00,0.00,Matches
588,Axel Witsel\5dfc6ad5,MF,be Belgium,25,1989,4,4,390,4.3,0,0,0,0,0,1,0,0.00,0.00,0.00,0.00,0.00,Matches
589,Chris Wondolowski\37f46eda,FW,us United States,31,1983,2,0,53,0.6,0,0,0,0,0,0,0,0.00,0.00,0.00,0.00,0.00,Matches
590,Xavi\c1b4188c,MF,es Spain,34,1980,1,1,90,1.0,0,0,0,0,0,0,0,0.00,0.00,0.00,0.00,0.00,Matches
591,Granit Xhaka\e61b8aee,MF,ch Switzerland,21,1992,4,4,321,3.6,1,0,1,0,0,1,0,0.28,0.00,0.28,0.28,0.28,Matches
592,Didier Ya Konan\1f73c654,FWMF,ci Côte d'Ivoire,30,1984,1,0,13,0.1,0,0,0,0,0,0,0,0.00,0.00,0.00,0.00,0.00,Matches
593,Hotaru Yamaguchi\8c147c14,MF,jp Japan,23,1990,3,2,209,2.3,0,0,0,0,0,0,0,0.00,0.00,0.00,0.00,0.00,Matches
594,Hassan Yebda\4907d688,MF,dz Algeria,30,1984,1,0,20,0.2,0,0,0,0,0,0,0,0.00,0.00,0.00,0.00,0.00,Matches
595,DeAndre Yedlin\ae0a7ddf,DF,us United States,20,1993,3,0,115,1.3,0,0,0,0,0,0,0,0.00,0.00,0.00,0.00,0.00,Matches
596,Mario Yepes\a7562b55,DF,co Colombia,38,1976,4,4,360,4.0,0,0,0,0,0,1,0,0.00,0.00,0.00,0.00,0.00,Matches
597,Andrey Yeshchenko\d0a01d27,DF,ru Russia,30,1984,2,1,119,1.3,0,1,0,0,0,0,0,0.00,0.76,0.76,0.00,0.76,Matches
598,Joseph Yobo\acd633df,DF,ng Nigeria,33,1980,4,3,332,3.7,0,0,0,0,0,0,0,0.00,0.00,0.00,0.00,0.00,Matches
599,Lee Yong\95e57652,DF,kr Korea Republic,27,1986,3,3,270,3.0,0,0,0,0,0,1,0,0.00,0.00,0.00,0.00,0.00,Matches
600,Maya Yoshida\caffaf5a,DF,jp Japan,25,1988,3,3,270,3.0,0,0,0,0,0,1,0,0.00,0.00,0.00,0.00,0.00,Matches
601,Kim Young-gwon\9459ace1,DF,kr Korea Republic,24,1990,3,3,270,3.0,0,0,0,0,0,0,0,0.00,0.00,0.00,0.00,0.00,Matches
602,Pablo Zabaleta\6813ac34,DFMF,ar Argentina,29,1985,7,7,720,8.0,0,0,0,0,0,0,0,0.00,0.00,0.00,0.00,0.00,Matches
603,Cristián Zapata\b1deecf8,DF,co Colombia,27,1986,4,4,360,4.0,0,0,0,0,0,0,0,0.00,0.00,0.00,0.00,0.00,Matches
604,Yuri Zhirkov\ed2b33cb,DFMF,ru Russia,30,1983,1,1,70,0.8,0,0,0,0,0,0,0,0.00,0.00,0.00,0.00,0.00,Matches
605,Didier Zokora\23921ca7,MF,ci Côte d'Ivoire,33,1980,2,2,180,2.0,0,0,0,0,0,2,0,0.00,0.00,0.00,0.00,0.00,Matches
606,Juan Zúñiga\06b34f37,DFMF,co Colombia,28,1985,4,4,360,4.0,0,0,0,0,0,0,0,0.00,0.00,0.00,0.00,0.00,Matches
607,Graham Zusi\9ba42447,DFFW,us United States,27,1986,4,3,257,2.9,0,2,0,0,0,0,0,0.00,0.70,0.70,0.00,0.70,Matches